emb_0,emb_1,emb_2,emb_3,emb_4,emb_5,emb_6,emb_7,emb_8,emb_9,emb_10,emb_11,emb_12,emb_13,emb_14,emb_15,emb_16,emb_17,emb_18,emb_19,emb_20,emb_21,emb_22,emb_23,emb_24,emb_25,emb_26,emb_27,emb_28,emb_29,emb_30,emb_31
0.0,2.3299913,0.0,2.356204,2.0901253,2.4237812,1.0389166,0.6959185,0.0,0.0,0.0,0.0,0.0,3.2911987,0.0,0.0,2.3579466,1.2055432,2.4008152,0.0,0.0,0.12061895,2.7392168,0.028383382,0.0,2.0203063,2.685391,0.39261615,0.0,2.3482635,0.0,3.192132
0.0,1.4628018,0.0,2.5323777,1.0044224,1.3505721,1.4588436,1.4892538,0.0,0.0,0.0,0.774027,0.6807582,1.7266867,0.0,0.0,1.4276961,1.7744687,1.4911176,0.68093514,0.0,0.8410507,1.5294595,0.62018025,0.0,1.204632,1.6294215,1.37747,0.23521107,1.2280563,0.0,1.8015462
0.0,0.4025832,0.0,2.3068461,0.10594948,0.6872576,1.1796222,2.2149844,0.0,0.0,0.0,1.4496806,1.3283528,0.74170053,0.0,0.0,0.78034884,1.9511108,0.6978555,0.78696144,0.0,1.0241483,1.2263305,0.12818755,0.0,0.4652296,0.7559496,1.4555113,1.3509462,0.16657549,0.0,0.9996103
0.0,0.8810818,0.0,2.4324992,0.68623334,1.0622687,1.4884579,1.9083529,0.0,0.0,0.0,1.2829167,0.9065405,1.1397855,0.0,0.0,1.1685034,1.6360385,0.8515609,1.0877539,0.0,0.89653224,1.4564097,0.41487253,0.0,0.93047357,1.0015141,1.2706771,0.99349105,0.7368121,0.0,1.3918358
0.0,0.0,0.0,1.8099667,0.0,0.047436196,1.3943092,2.2609935,0.0,0.0,0.0,1.6161482,1.5869256,0.0,0.0,0.0,0.09150836,1.8281542,0.0,0.91741514,0.0,1.0239135,0.516389,0.4377072,0.0,0.0,0.0,1.5370412,1.1847366,0.0,0.0,0.22704342
0.0,0.0,0.0,1.8552328,0.0,0.0,1.427834,2.3419552,0.0,0.0,0.0,1.694966,1.652682,0.0,0.0,0.0,0.0,1.9509782,0.0,0.96538633,0.0,1.1656809,0.3829124,0.46599436,0.0,0.0,0.0,1.6172776,1.2882124,0.0,0.0,0.12526518
0.0,1.6008873,0.0,2.3900075,1.5585932,1.8622738,1.1522532,1.1366956,0.0,0.0,0.0,0.50454104,0.14857934,2.2541783,0.0,0.0,1.7438818,1.4058616,1.8303018,0.28509533,0.0,0.42402345,2.1978664,0.10962165,0.0,1.5982728,1.8355441,0.7663613,0.27504295,1.6640615,0.0,2.3719237
0.0,1.8680136,0.0,2.596129,1.8866214,2.0228522,1.6393325,1.0740503,0.0,0.0,0.0,0.42332006,0.44477943,2.130938,0.0,0.0,1.8765593,1.416883,1.7878485,0.25274837,0.0,0.34017295,2.0223682,0.46564478,0.0,1.9699146,1.8782649,0.90530205,0.016496591,2.0261142,0.0,2.321512
0.0,0.0,0.0,2.2093654,0.0,0.0,1.8178833,2.7243862,0.0,0.0,0.0,2.1161385,2.123398,0.0,0.0,0.0,0.0052545853,2.5270195,0.0,1.5244612,0.0,1.7513052,0.14550465,0.8856314,0.0,0.0,0.0,2.250407,1.5242263,0.0,0.0,0.07222339
0.0,0.31927627,0.0,2.6047308,0.35638788,0.60898614,1.6959013,2.3080802,0.0,0.0,0.0,1.8081683,1.6032869,0.7850891,0.0,0.0,0.49141443,2.2895231,0.5674881,1.2343999,0.0,1.4914255,0.80594873,0.53446394,0.0,0.49628332,0.75383556,1.873534,1.3994826,0.46064678,0.0,0.64680165
0.0,1.6381446,0.0,2.3943667,1.2641296,1.7992679,1.1924918,1.3982747,0.0,0.0,0.0,0.46282685,0.0,2.3198388,0.0,0.0,1.6934702,1.725307,1.8711759,0.13983811,0.0,0.33288372,2.2971954,0.21629407,0.0,1.728579,2.056755,0.54646623,0.75497204,1.7444305,0.0,2.5899527
0.0,1.78811,0.0,2.4023685,1.4826505,1.6777464,1.2144653,1.2765778,0.0,0.0,0.0,0.5740496,0.34569535,2.0670505,0.0,0.0,1.7139508,1.7685754,1.8061826,0.32569385,0.0,0.5227619,2.0201325,0.44955385,0.0,1.8600892,1.9703555,1.023376,0.41479772,1.6327183,0.0,2.601467
0.0,0.0,0.0,1.8161197,0.0,0.0,1.3903639,2.2961164,0.0,0.0,0.0,1.6779768,1.5623677,0.0,0.0,0.0,0.0,1.9897759,0.0,0.9648797,0.0,1.1894361,0.3909403,0.4686904,0.0,0.0,0.0,1.5458672,1.3086482,0.0,0.0,0.1382271
0.0,0.0,0.0,3.845797,0.0,0.0,2.8487372,4.5104427,0.0,0.0,0.0,3.8629944,4.4873486,0.0,0.0,0.0,0.0,3.9267032,0.0,3.0699565,0.0,3.2187207,0.0,1.6023245,0.0,0.0,0.0,3.3975434,2.905145,0.0,0.0,0.0
0.0,1.7887982,0.0,2.4107392,1.3579413,1.8410549,1.2823482,1.284126,0.0,0.0,0.0,0.5501895,0.32300767,2.3519742,0.0,0.0,1.9377378,1.5673746,1.8462427,0.4052769,0.0,0.5467498,2.0537386,0.3264277,0.0,1.5698415,1.9131202,1.0725222,0.25364345,1.6273198,0.0,2.3237023
0.0,0.38240263,0.0,2.5586152,0.35735983,0.4289358,1.5412216,2.239181,0.0,0.0,0.0,1.6899745,1.7695891,0.28265005,0.0,0.0,0.227721,2.6263227,0.2826302,1.4001061,0.0,1.4096403,0.7305951,0.58143264,0.0,0.7297426,0.41782492,1.6516533,1.3934245,0.39352858,0.0,1.1819296
0.0,0.0,0.0,2.5535154,0.0077115116,0.0,2.049206,3.0027895,0.0,0.0,0.0,2.273982,2.1934597,0.056416143,0.0,0.0,0.0,2.5034094,0.0,1.2024757,0.0,1.8725044,0.0,0.9602817,0.0,0.0,0.0,2.073047,1.4424798,0.0,0.0,0.0
0.0,2.066853,0.0,2.6382873,1.5452808,2.1527767,1.3054013,1.3824546,0.0,0.0,0.0,0.43435025,0.14898334,2.4079876,0.0,0.0,1.930918,1.7142167,2.2379174,0.1966411,0.0,0.0,2.385849,0.32615662,0.0,2.0329747,2.087412,0.70554763,0.45967907,1.9071177,0.0,2.9310863
0.0,0.39028427,0.0,2.50351,0.18188389,0.6024777,1.4821098,2.1758914,0.0,0.0,0.0,1.5798874,1.510022,0.5399473,0.0,0.0,0.5197553,2.2332635,0.66029406,0.9541024,0.0,1.0246227,0.9040625,0.5389695,0.0,0.6859106,0.69254375,1.4495473,1.2921528,0.15929809,0.0,0.8279994
0.0,0.030100714,0.0,2.9261236,0.0,0.13605072,1.8050663,2.5339556,0.0,0.0,0.0,1.9420455,2.0905242,0.3170351,0.0,0.0,0.0888467,2.6485858,0.25081939,1.5669321,0.0,1.8915341,0.35293,0.7589267,0.0,0.0,0.30242217,2.182168,1.199771,0.0,0.0,0.3379755
0.0,2.2064607,0.0,2.5357804,1.6753428,2.3466084,1.1493752,1.031777,0.0,0.0,0.0,0.0955602,0.0,2.5720491,0.0,0.0,2.3552594,0.9036068,2.540949,0.0,0.0,0.0,2.7984233,0.00170029,0.0,1.982743,2.4435487,0.48524955,0.0,2.0331237,0.0,2.8665185
0.0,1.3127438,0.0,2.0093575,0.7831591,1.3416607,1.1096272,1.3188622,0.0,0.0,0.0,0.5759592,0.359387,1.4866635,0.0,0.0,1.2257849,1.677088,1.354492,0.28041828,0.0,0.16658533,1.7420415,0.24763222,0.0,1.3554497,1.4545699,0.61467034,0.5991511,1.0545428,0.0,2.0424187
0.0,2.8219783,0.0,2.3041778,2.2306292,2.5936306,1.0154165,0.31956482,0.0,0.0,0.0,0.0,0.0,3.391925,0.0,0.0,2.6511314,0.60266656,2.9101536,0.0,0.0,0.0,3.149972,0.023756929,0.0,2.2813175,3.1688323,0.10760805,0.0,2.595588,0.0,3.5864341
0.0,0.45914072,0.0,3.19362,0.52871656,0.6502091,2.0041647,2.3982782,0.0,0.0,0.0,1.8523026,1.7777728,0.90668935,0.0,0.0,0.47743878,2.4925523,0.82210684,1.5017222,0.0,1.5674303,0.84718955,0.72268236,0.0,0.519282,0.8086362,2.0654283,1.041411,0.4432461,0.0,0.9329301
0.0,2.3266296,0.0,2.1116097,2.0691283,2.4533563,1.0166231,0.6709134,0.0,0.0,0.0,0.0,0.0,2.8694775,0.0,0.0,2.580885,0.9937411,2.3813744,0.0,0.0,0.0,2.9590144,0.0,0.0,2.4427822,2.6369863,0.21934244,0.0,2.3438227,0.0,3.2184203
0.0,1.2920814,0.0,2.52067,1.4449731,1.5472124,1.396246,1.4599369,0.0,0.0,0.0,0.7908594,0.73119175,1.9168141,0.0,0.0,1.6705197,1.373909,1.5628742,0.24877287,0.0,0.77199984,2.006872,0.14175381,0.0,1.445672,1.7614262,1.1705487,0.33528358,1.3777317,0.0,1.8785325
0.0,1.3708533,0.0,2.3673306,0.80857885,1.4064018,1.3240979,1.4998751,0.0,0.0,0.0,0.8378881,1.1092368,1.1740564,0.0,0.0,1.2922978,1.799284,1.455829,0.63359785,0.0,0.2979685,1.6010418,0.36190414,0.0,1.3638287,1.1399697,1.1986146,0.5054042,0.9594259,0.0,1.8689318
0.0,1.0716612,0.0,2.5423985,0.87011427,1.062851,1.6660566,1.8739928,0.0,0.0,0.0,1.1783565,1.2286978,1.0820614,0.0,0.0,0.90572315,2.0375566,1.0352849,0.80632436,0.0,0.7568731,1.2472696,0.63129663,0.0,1.0199952,0.93469524,1.547429,0.53574413,0.7333329,0.0,1.6105369
0.0,0.3901181,0.0,1.506407,0.15878235,0.47859886,1.114952,1.652718,0.0,0.0,0.0,1.1370469,0.9819101,0.6157208,0.0,0.0,0.48716658,1.5668154,0.368686,0.5365628,0.0,0.6962916,0.85389143,0.28107136,0.0,0.4277393,0.46974567,1.1246823,0.79649615,0.07199185,0.0,0.7802372
0.0,0.0026992373,0.0,1.7207022,0.0,0.15015943,1.3463879,2.1139565,0.0,0.0,0.0,1.5216551,1.4652297,0.023897994,0.0,0.0,0.1532166,1.7697781,0.053629257,0.8634585,0.0,0.9091329,0.6565909,0.38198817,0.0,0.10163373,0.043543033,1.4236807,1.0624079,0.0,0.0,0.3857425
0.0,1.8452595,0.0,2.36586,1.3652471,1.6120354,1.2078412,1.0521173,0.0,0.0,0.0,0.31274307,0.27165303,1.9615333,0.0,0.0,1.8139238,1.2342508,1.910003,0.23783375,0.0,0.40963483,2.0159633,0.43530422,0.0,1.6163476,1.985518,1.1149007,0.0028497502,1.5176141,0.0,2.282395
0.0,0.5766681,0.0,2.816033,0.3749458,0.5502606,1.8466431,2.4280899,0.0,0.0,0.0,1.5820057,1.5099895,0.7343525,0.0,0.0,0.6680171,2.370267,0.6106282,1.2868146,0.0,1.6684695,1.0101427,0.8437073,0.0,0.5564695,0.7254699,2.0747297,1.2723464,0.57668406,0.0,1.0623096
0.0,0.0,0.0,3.383655,0.0,0.0,2.393539,3.3294148,0.0,0.0,0.0,2.4696574,2.8233402,0.0,0.0,0.0,0.0,3.0551333,0.0,2.0274677,0.0,2.2980173,0.0,1.2651694,0.0,0.0,0.0,2.5733702,1.6816088,0.0,0.0,0.0
0.0,0.0,0.0,3.083358,0.0,0.0,2.078233,3.1164699,0.0,0.0,0.0,2.3834667,2.7843997,0.0,0.0,0.0,0.0,2.672048,0.0,1.6116809,0.0,1.7323387,0.0,0.8075214,0.0,0.0,0.0,2.207971,1.9186825,0.0,0.0,0.0
0.0,0.041275945,0.0,2.4699144,0.0,0.08661623,1.8328166,2.6405516,0.0,0.0,0.0,1.8688058,2.1272817,0.014775474,0.0,0.0,0.027507905,1.9169075,0.07523332,0.8927607,0.0,1.0673594,0.18818742,0.65259993,0.0,0.061109934,0.1696047,1.7127917,1.2557529,0.0,0.0,0.054127865
0.0,1.4846523,0.0,2.6382341,1.6742263,1.7175319,1.491746,1.56896,0.0,0.0,0.0,0.6967559,0.5988694,2.3355646,0.0,0.0,1.7899989,1.7016739,1.499639,0.123418465,0.0,0.7364972,1.8434238,0.3813808,0.0,1.6119995,1.9746426,0.89923424,0.39792627,1.670432,0.0,2.11271
0.0,0.118027255,0.0,2.753087,0.0,0.16968666,1.9177635,2.66854,0.0,0.0,0.0,2.1574254,2.1253483,0.114008516,0.0,0.0,0.0,2.8049412,0.079343446,1.6715175,0.0,1.552756,0.1732567,0.92948824,0.0,0.29548678,0.09810928,2.1195014,1.794093,0.0,0.0,0.45124343
0.0,0.0,0.0,3.2120006,0.0,0.0,2.4157176,3.8422585,0.0,0.0,0.0,3.4294329,3.3522985,0.0,0.0,0.0,0.0,3.0620556,0.0,2.4756176,0.0,3.009408,0.0,1.114842,0.0,0.0,0.0,3.2704883,2.4623127,0.0,0.0,0.0
0.0,0.0,0.0,2.9696913,0.0,0.0,2.0649214,3.0423298,0.0,0.0,0.0,2.4891815,2.51956,0.0,0.0,0.0,0.0,2.7063904,0.0,1.6463294,0.0,1.9393319,0.04751891,0.93248665,0.0,0.10477817,0.022307463,2.4554667,1.8176566,0.0,0.0,0.09948304
0.0,0.0,0.0,2.8868499,0.14032848,0.27822503,1.862164,2.6653967,0.0,0.0,0.0,2.196558,2.1652398,0.3554388,0.0,0.0,0.13587071,2.6514692,0.10205836,1.6299766,0.0,1.9271928,0.3079853,0.67873377,0.0,0.18932962,0.24405365,2.1729763,1.6948725,0.12953657,0.0,0.2458823
0.0,0.0,0.0,3.095173,0.0,0.0,2.127882,3.0963988,0.0,0.0,0.0,2.4245985,2.557018,0.0,0.0,0.0,0.0,3.1038299,0.0,2.0075138,0.0,1.8221289,0.0,1.1150955,0.0,0.0,0.0,2.3869572,1.9606588,0.0,0.0,0.08045759
0.0,0.0,0.0,3.0326896,0.0,0.0,2.0319867,2.9289439,0.0,0.0,0.0,2.406999,2.3375413,0.0,0.0,0.0,0.0,2.9525073,0.0,2.092285,0.0,1.9787828,0.0,0.9727615,0.0,0.029411348,0.0,2.3003178,2.057967,0.0,0.0,0.089953594
0.0,0.11538549,0.0,2.7948718,0.32800484,0.27557263,1.8427461,2.579536,0.0,0.0,0.0,1.9067345,1.9982497,0.38776994,0.0,0.0,0.2045406,2.4845018,0.1972393,1.237074,0.0,1.7567722,0.515,0.7047907,0.0,0.32126334,0.4047034,2.0597878,1.4811089,0.34984916,0.0,0.5763068
0.0,1.4861872,0.0,3.1876569,1.4540952,1.6400672,1.6173911,1.5567851,0.0,0.0,0.0,0.59108484,0.7678362,1.982906,0.0,0.0,1.3222867,1.8710523,1.9417585,0.13659348,0.0,0.6100162,1.7716827,0.38648802,0.0,1.4222755,2.0011795,1.1376233,0.2628016,1.7327257,0.0,2.0810874
0.0,0.0,0.0,3.2863097,0.0,0.22208476,1.9247991,2.991048,0.0,0.0,0.0,2.1764104,2.4854228,0.10305579,0.0,0.0,0.0,3.1226368,0.09300385,1.7141131,0.0,1.8162416,0.08805323,0.6449612,0.0,0.0,0.0024085424,2.0577672,1.8230704,0.13801523,0.0,0.22403619
0.0,0.0,0.0,3.1569057,0.0,0.0,2.0486112,3.1060681,0.0,0.0,0.0,2.4676247,2.808067,0.0,0.0,0.0,0.0,2.91257,0.0,1.7432748,0.0,2.1103084,0.0,0.90408707,0.0,0.0036164247,0.0,2.4621305,1.7895142,0.0,0.0,0.0
0.0,0.019532394,0.0,2.9751549,0.080363885,0.13201286,1.9516617,2.7149677,0.0,0.0,0.0,2.206391,2.4449,0.0,0.0,0.0,0.0,2.8583574,0.03660474,1.6641866,0.0,1.7488962,0.14582491,0.85613585,0.0,0.3308939,0.12047387,2.2134206,1.6883448,0.021883033,0.0,0.4162478
0.0,0.0,0.0,3.0903387,0.0,0.0,2.1313565,3.0529587,0.0,0.0,0.0,2.398505,2.5311036,0.0,0.0,0.0,0.0,3.0657387,0.0,1.9890387,0.0,1.8051201,0.0,1.1051157,0.0,0.0,0.0,2.3939314,1.9063594,0.0,0.0,0.1182126
0.0,0.14083369,0.0,2.8931262,0.035633903,0.30361173,1.8486595,2.568418,0.0,0.0,0.0,2.141702,2.1406083,0.33278772,0.0,0.0,0.15817583,2.7168922,0.22388871,1.62008,0.0,1.6157589,0.27467734,0.7717297,0.0,0.35288218,0.35390493,2.056261,1.6557602,0.0633232,0.0,0.42860085
0.0,0.30324802,0.0,2.6216512,0.42281368,0.6607333,1.5084682,2.2355297,0.0,0.0,0.0,1.7117969,1.5664402,0.843656,0.0,0.0,0.6124782,2.341493,0.50427115,1.1806637,0.0,1.6086459,0.7962438,0.5034159,0.0,0.5651016,0.66626114,1.7496823,1.5277117,0.56541806,0.0,0.75283265
0.0,0.0,0.0,3.4005704,0.14227204,0.05962384,2.218967,3.109123,0.0,0.0,0.0,2.5070364,2.1327045,0.45465308,0.0,0.0,0.03880969,2.8244174,0.06273458,2.082752,0.0,2.583252,0.2008717,1.0534874,0.0,0.0,0.3892657,2.5431921,1.9429461,0.32223612,0.0,0.03212686
0.0,0.8919132,0.0,2.9730287,0.58013606,0.57777256,2.1702132,2.3659005,0.0,0.0,0.0,1.6141288,1.7568594,0.79471064,0.0,0.0,0.68791807,2.2238178,0.85390025,1.005805,0.0,0.98896,0.7262728,0.9683324,0.0,0.7957376,0.78078115,2.054532,0.58680004,0.40824783,0.0,1.1142246
0.0,0.0,0.0,3.3595393,0.0,0.0,2.593186,3.455855,0.0,0.0,0.0,2.9051192,2.8836322,0.0,0.0,0.0,0.0,3.01714,0.0,2.2523494,0.0,2.4008882,0.0,1.036727,0.0,0.0,0.0,2.5621674,2.1416235,0.0,0.0,0.0
0.0,1.3604125,0.0,2.1941571,0.8257826,1.3089938,1.1874402,1.397397,0.0,0.0,0.0,0.73659104,0.6387914,1.3023311,0.0,0.0,1.4720904,1.6960076,1.3127673,0.68078125,0.0,0.46707702,1.8321505,0.3853873,0.0,1.3495686,1.4368135,0.9466844,0.5232211,1.0369143,0.0,1.9791619
0.0,2.1205466,0.0,2.3614414,1.8895731,2.2231276,1.0819402,0.91073966,0.0,0.0,0.0,0.2920972,0.016672235,2.5685909,0.0,0.0,2.2217264,1.4640918,2.1850562,0.12976278,0.0,0.041150816,2.620143,0.18237187,0.0,2.1072297,2.1978073,0.5663906,0.020629816,1.8995053,0.0,3.0184972
0.0,1.7927182,0.0,2.4174063,1.4938492,2.0236316,1.3565679,1.0684333,0.0,0.0,0.0,0.5528654,0.5248301,2.2561975,0.0,0.0,1.9015998,1.682373,1.863414,0.51845026,0.0,0.30074447,2.0064802,0.23836692,0.0,1.6821612,1.6878371,0.9530375,0.09456938,1.7709246,0.0,2.3648136
0.0,0.5552029,0.0,3.2284088,0.5323214,0.73399466,2.0906544,2.57548,0.0,0.0,0.0,1.8592671,2.0257244,0.8309273,0.0,0.0,0.5661318,2.5369925,0.7992786,1.1237798,0.0,1.1997244,0.5819442,0.7892335,0.0,0.7341366,0.7899899,1.8511152,1.1231018,0.51869696,0.0,0.77373827
0.0,0.0,0.0,2.1566854,0.0,0.0024760254,1.7079359,2.5367937,0.0,0.0,0.0,1.7927387,1.7984961,0.17575046,0.0,0.0,0.0,2.075043,0.0,0.87040055,0.0,1.2089065,0.16506582,0.61460596,0.0,0.0,0.0295429,1.6297054,1.2527174,0.0,0.0,0.021569796
0.0,0.0,0.0,3.2396617,0.0,0.0,2.6318243,3.9221432,0.0,0.0,0.0,3.093055,3.5564501,0.0,0.0,0.0,0.0,3.449483,0.0,2.4457793,0.0,2.872622,0.0,1.4236428,0.0,0.0,0.0,3.1136985,2.2142174,0.0,0.0,0.0
0.0,0.0,0.0,3.1495733,0.0,0.0,2.6125572,4.0096526,0.0,0.0,0.0,3.1754856,3.4718006,0.0,0.0,0.0,0.0,3.6114683,0.0,2.5708847,0.0,2.843677,0.0,1.3990655,0.0,0.0,0.0,3.0648034,2.3828678,0.0,0.0,0.0
0.0,0.0,0.0,2.7906075,0.16868089,0.24318178,2.0631876,2.772469,0.0,0.0,0.0,2.2754092,2.1230552,0.5796592,0.0,0.0,0.33319703,2.6716385,0.0,1.618657,0.0,2.0153928,0.19087374,0.8356104,0.0,0.108225614,0.08695675,2.248201,1.6150931,0.021586113,0.0,0.13812351
0.0,0.24409018,0.0,3.2233675,0.6416261,0.688629,1.9857621,2.660952,0.0,0.0,0.0,2.0272794,2.1541855,0.49330628,0.0,0.0,0.46050727,2.2305515,0.6001009,1.1680348,0.0,1.529791,0.67883134,0.5891433,0.0,0.68929744,0.7344138,2.0258632,1.3198311,0.5789,0.0,0.6813247
0.0,1.0951335,0.0,2.9454956,0.6095148,1.2357885,1.5014681,1.792748,0.0,0.0,0.0,1.0390009,1.0478884,1.3046896,0.0,0.0,1.0087999,2.0934093,1.5270131,0.897954,0.0,0.7247629,1.3873888,0.4738304,0.0,1.0544664,1.4723191,1.3213444,0.8508565,1.0258088,0.0,1.497737
0.0,1.5444537,0.0,2.7707148,1.1077976,1.6509026,1.1698166,1.2550004,0.0,0.0,0.0,0.40369594,0.39079747,1.8451288,0.0,0.0,1.0224191,1.726588,2.0031538,0.12151338,0.0,0.36589468,1.7887346,0.12182034,0.0,1.3759427,1.8147471,0.94217235,0.37514073,1.6349044,0.0,2.3535275
0.0,0.6661688,0.0,3.3930998,0.9365805,0.90709037,2.1135905,2.5022945,0.0,0.0,0.0,1.7881216,2.052054,0.6849097,0.0,0.0,0.5018232,2.667244,0.80479985,1.4192611,0.0,1.2730045,0.7951154,0.8939472,0.0,0.96092886,0.4988919,1.8631117,1.2572913,0.95316577,0.0,1.2725235
0.0,1.6741855,0.0,2.7276983,1.3951055,1.8468866,1.0973651,1.3358991,0.0,0.0,0.0,0.3783847,0.42451522,2.2036812,0.0,0.0,1.6303998,1.6034957,2.035198,0.008711827,0.0,0.44680893,2.128426,0.0045267423,0.0,1.5392711,2.1104002,0.91067994,0.3183679,1.7860594,0.0,2.4805777
0.0,1.0307901,0.0,2.6787071,0.9778072,1.2491448,1.4296708,1.702666,0.0,0.0,0.0,0.9260678,0.79999506,1.7080706,0.0,0.0,1.1039276,1.7626047,1.5306813,0.4204052,0.0,0.72561526,1.4448109,0.44305724,0.0,0.84166163,1.5007071,1.3432543,0.61717504,1.1561445,0.0,1.4755858
0.0,0.0,0.0,3.227569,0.0,0.0,2.3991833,3.6128643,0.0,0.0,0.0,2.916214,3.3865051,0.0,0.0,0.0,0.0,3.3083682,0.0,2.3470197,0.0,2.7870116,0.0,1.3384657,0.0,0.0,0.0,2.9436927,2.1281726,0.0,0.0,0.0
0.0,0.4288694,0.0,3.640346,0.5362405,0.5498487,2.4040341,2.9589648,0.0,0.0,0.0,2.050453,2.236769,0.69220495,0.0,0.0,0.065175354,2.8390603,0.56684124,1.2587901,0.0,1.5083433,0.46554324,0.97847575,0.0,0.39986625,0.895432,2.1281378,1.5444897,0.7707921,0.0,0.64126873
0.0,2.3890207,0.0,2.2268052,2.1030009,2.3459604,0.99586666,0.74589133,0.0,0.0,0.0,0.0,0.0,2.7582147,0.0,0.0,2.2933383,0.9327809,2.511543,0.0,0.0,0.0,2.6695452,0.1878903,0.0,2.1737902,2.5263085,0.60425574,0.0,2.0315187,0.0,3.1505725
0.0,0.0,0.0,3.4023523,0.0,0.0,2.2535708,3.4014027,0.0,0.0,0.0,2.5030913,2.6256697,0.038977552,0.0,0.0,0.0,2.950223,0.0,1.5962504,0.0,2.1634612,0.0,1.1247574,0.0,0.0,0.18480097,2.4063869,1.7988924,0.0,0.0,0.0
0.0,0.75839436,0.0,3.2296205,0.8730585,0.8339341,2.264802,2.6249995,0.0,0.0,0.0,1.7794876,1.6040121,1.3510741,0.0,0.0,0.38502485,2.6872096,0.9065875,0.8562293,0.0,1.2958866,0.78783846,1.0122017,0.0,0.6953827,0.92545474,1.9812886,1.146191,0.840497,0.0,1.1854061
0.0,0.0,0.0,3.5749183,0.2674865,0.22566704,2.3215842,3.2542944,0.0,0.0,0.0,2.2468245,2.712075,0.33688116,0.0,0.0,0.0,3.092702,0.13726135,1.3350253,0.0,1.8578199,0.09371489,0.9680637,0.0,0.1239458,0.21454282,2.121385,1.6362399,0.3937149,0.0,0.32899827
0.0,0.71697336,0.0,3.0033097,0.7065332,0.7643462,2.1437287,2.7026868,0.0,0.0,0.0,1.812312,1.8966198,1.0310191,0.0,0.0,0.53834,2.5570602,0.5255753,1.0418108,0.0,1.1644598,0.5188781,1.0423164,0.0,0.7763533,0.7151045,1.6779405,1.2192311,0.7350577,0.0,1.0144862
0.0,0.0,0.0,3.1565814,0.11428614,0.10782996,1.9993117,3.0206442,0.0,0.0,0.0,2.186661,2.1503665,0.32060617,0.0,0.0,0.05868082,2.626649,0.15751727,1.451278,0.0,1.7672464,0.27997345,0.834918,0.0,0.0,0.30303717,2.0983992,1.6683081,0.20701322,0.0,0.25217688
0.0,0.5854207,0.0,3.2864225,0.7599682,0.83591765,2.0259178,2.470895,0.0,0.0,0.0,1.7636129,1.822057,0.8228426,0.0,0.0,0.44231376,2.5422378,0.9376012,1.3336103,0.0,1.5562475,0.9315566,0.76135945,0.0,0.8144432,0.88286704,2.063734,1.2232215,0.9476144,0.0,1.0967888
0.0,1.5418146,0.0,2.3229287,1.330631,1.5767398,1.2590373,1.3130393,0.0,0.0,0.0,0.5288694,0.36775324,1.9417158,0.0,0.0,1.5983583,1.5131994,1.5636225,0.18347813,0.0,0.38547617,1.8532202,0.383793,0.0,1.5363324,1.7027442,0.8416285,0.43444318,1.4624972,0.0,2.2348773
0.0,0.43528852,0.0,2.9205723,0.29967272,0.528477,1.8145118,2.4132624,0.0,0.0,0.0,1.9527307,1.9158263,0.47108045,0.0,0.0,0.3887491,2.6779494,0.5019922,1.6995779,0.0,1.761002,0.6155659,0.8061102,0.0,0.5001482,0.4494525,2.3366206,1.3311775,0.3463923,0.0,0.8424829
0.0,0.048245233,0.0,2.6425867,0.0,0.15468161,1.7495091,2.6439548,0.0,0.0,0.0,1.8365057,2.2289233,0.0,0.0,0.0,0.0,2.4839804,0.19568849,1.183468,0.0,1.3265501,0.5005549,0.65744156,0.0,0.06538734,0.049103543,2.0459383,1.2182764,0.0,0.0,0.45259666
0.0,0.16387002,0.0,3.630149,0.20459391,0.3818865,2.2955317,2.9787464,0.0,0.0,0.0,2.0821838,2.354652,0.64893204,0.0,0.0,0.10368556,2.995066,0.5817591,1.4503038,0.0,1.6968054,0.30099398,0.90887123,0.0,0.048974518,0.5535587,2.2096364,1.4462215,0.55314136,0.0,0.40411747
0.0,1.6258246,0.0,2.4574885,1.2912059,1.6416155,1.5133811,1.4767452,0.0,0.0,0.0,0.7179377,0.83784515,1.8706337,0.0,0.0,1.4344331,1.7506365,1.4871882,0.43144953,0.0,0.49490654,1.6426072,0.3828553,0.0,1.4027425,1.5498734,1.2278636,0.19818348,1.445064,0.0,2.1044006
0.0,0.5855788,0.0,2.7356682,0.5232524,0.6301834,1.9337947,2.2629082,0.0,0.0,0.0,1.6379322,1.7764605,0.73086923,0.0,0.0,0.3687244,2.3299496,0.5823963,1.1971434,0.0,1.346675,0.61776733,0.78176785,0.0,0.53683376,0.6164005,2.024174,0.9036595,0.5263257,0.0,0.8629412
0.0,0.0,0.0,2.315598,0.19215731,0.2270539,1.8118443,2.4351978,0.0,0.0,0.0,1.860961,1.8768045,0.17897174,0.0,0.0,0.15556583,1.9604232,0.054238446,1.003173,0.0,1.1657418,0.47256258,0.58923733,0.0,0.1424002,0.092465706,1.7158747,1.1851081,0.0,0.0,0.144205
0.0,0.100817725,0.0,3.376235,0.37455523,0.47421435,2.197109,2.7755475,0.0,0.0,0.0,2.0704648,2.456043,0.50810057,0.0,0.0,0.08162266,3.035512,0.31671965,1.5789572,0.0,1.7662389,0.24202526,0.78030163,0.0,0.20861813,0.20630105,2.1989617,1.2858735,0.3638261,0.0,0.52821475
0.0,0.0,0.0,3.51164,0.0,0.0,2.500574,3.8937387,0.0,0.0,0.0,3.222532,3.4068737,0.0,0.0,0.0,0.0,3.3856134,0.0,2.4277482,0.0,2.6635666,0.0,1.2807301,0.0,0.0,0.0,2.9552798,2.4655192,0.0,0.0,0.0
0.0,0.04141782,0.0,2.8617663,0.0,0.028131861,1.8299345,2.7557373,0.0,0.0,0.0,1.9097733,2.0994601,0.0,0.0,0.0,0.0,2.627716,0.09376646,1.3634042,0.0,1.5880579,0.20539856,0.9373193,0.0,0.012241574,0.29454464,2.128924,1.5299569,0.0,0.0,0.36499846
0.0,0.7018304,0.0,3.497547,0.89930195,0.628251,2.3875926,2.8808339,0.0,0.0,0.0,1.8436123,1.9233876,1.1311007,0.0,0.0,0.5484101,2.673987,0.6466902,1.1489865,0.0,1.7819651,0.5267641,1.2559358,0.0,0.61048406,1.048305,2.1917033,1.1925915,1.1061387,0.0,1.0142435
0.0,1.5481391,0.0,2.3503551,1.1531546,1.508771,1.3934282,1.4415456,0.0,0.0,0.0,0.6695255,0.5132886,1.9797555,0.0,0.0,1.5117549,1.5408032,1.6078659,0.2659217,0.0,0.5098438,1.7245762,0.4083835,0.0,1.2871681,1.6927758,1.2174554,0.20192403,1.2564846,0.0,2.022918
0.0,0.0,0.0,3.3246927,0.0,0.0,2.4394774,3.5729096,0.0,0.0,0.0,2.5821447,2.8120627,0.0,0.0,0.0,0.0,3.2270322,0.0,1.7763776,0.0,2.1210966,0.0,1.1960874,0.0,0.0,0.0,2.4938102,1.9221643,0.0,0.0,0.0
0.0,1.2161436,0.0,2.7706735,1.0224011,1.3424926,1.2849522,1.5627537,0.0,0.0,0.0,0.72732544,0.8081785,1.6568631,0.0,0.0,1.1404884,1.8006445,1.6532596,0.26043463,0.0,0.6393724,1.5993999,0.24531604,0.0,1.1830887,1.7047222,1.0915222,0.510474,1.2837807,0.0,1.7947942
0.0,0.0,0.0,3.240811,0.0,0.0,2.3920946,3.2752995,0.0,0.0,0.0,2.6545303,2.8939464,0.0,0.0,0.0,0.0,3.1447124,0.0,1.9504948,0.0,2.094426,0.0,1.096803,0.0,0.0,0.0,2.4074678,2.0099971,0.0,0.0,0.0
0.0,0.056063037,0.0,2.5776517,0.34430498,0.4750983,1.6851285,2.3379612,0.0,0.0,0.0,1.9219034,1.8985494,0.4674715,0.0,0.0,0.3794843,2.1527262,0.41594237,1.2156025,0.0,1.4931494,0.61046135,0.53439623,0.0,0.36234298,0.26976335,2.0938299,1.3592108,0.05940274,0.0,0.42632452
0.0,0.0,0.0,3.254301,0.19645281,0.26940632,2.1307478,2.913503,0.0,0.0,0.0,2.2639508,2.5140033,0.17004351,0.0,0.0,0.10975376,2.5543253,0.19625695,1.6477721,0.0,1.7045087,0.13093668,0.80746454,0.0,0.20787057,0.31782517,2.155169,1.4904855,0.36705196,0.0,0.23880428
0.0,0.37098083,0.0,3.7963395,0.49010044,0.6101201,2.2512603,2.9754186,0.0,0.0,0.0,1.9572923,2.4613461,0.52715,0.0,0.0,0.23555374,2.9875026,0.6462083,1.4922158,0.0,1.4587933,0.37962735,0.9972321,0.0,0.46487615,0.5602631,1.9821494,1.4675885,0.76887983,0.0,0.85215414
0.0,0.57263917,0.0,3.1754842,0.551889,0.76525176,2.0237353,2.3608832,0.0,0.0,0.0,1.7885313,1.7695043,0.9097723,0.0,0.0,0.61292577,2.2496305,0.79099184,1.5062096,0.0,1.5811061,0.76432574,0.7392615,0.0,0.54736614,0.8071891,2.1588871,1.092811,0.72084916,0.0,0.7890842
0.0,2.246399,0.0,2.8241878,1.615485,2.0147433,1.5420269,1.4781805,0.0,0.0,0.0,0.54399157,0.15058957,2.3973718,0.0,0.0,2.0207312,1.4219422,2.0744529,0.46720374,0.0,0.25496268,2.223911,0.6156156,0.0,1.8847154,2.3180637,0.9942036,0.2339651,2.0491142,0.0,2.7160542
0.0,1.3787465,0.0,2.353114,1.3145202,1.5925595,1.2545197,1.0650185,0.0,0.0,0.0,0.61272573,0.5243542,1.8376487,0.0,0.0,1.3703389,1.562764,1.610279,0.44229698,0.0,0.44005227,1.7673628,0.20002069,0.0,1.3804109,1.5592127,0.9816465,0.17754167,1.3232838,0.0,1.9928211
0.0,0.6243803,0.0,2.843867,0.64298445,0.82937557,1.7947094,2.3005683,0.0,0.0,0.0,1.6459314,1.5146521,0.99088055,0.0,0.0,0.78213614,2.1827822,0.8351639,1.0667018,0.0,1.3806881,1.0390563,0.64270747,0.0,0.723134,0.8820027,1.943946,1.1833416,0.7165951,0.0,1.0291766
0.0,0.042626645,0.0,1.9150108,0.0,0.11890681,1.4711593,2.3142335,0.0,0.0,0.0,1.6131389,1.6382797,0.0,0.0,0.0,0.16406146,1.7378612,0.056565084,0.8532557,0.0,0.8861226,0.54258275,0.4711178,0.0,0.08266917,0.078000925,1.5466386,1.1637509,0.0,0.0,0.24161017
0.0,0.683595,0.0,2.6194117,0.33498806,0.7765663,1.5817382,2.0387673,0.0,0.0,0.0,1.5537802,1.7026205,0.6729056,0.0,0.0,0.6381239,2.4062886,0.7211903,1.2867246,0.0,1.0912597,0.8581064,0.5968583,0.0,0.718171,0.5951593,1.7771859,1.0790714,0.35751566,0.0,1.1187118
0.0,0.0,0.0,3.5278873,0.0,0.0,2.4983854,3.8617187,0.0,0.0,0.0,3.136691,3.1197422,0.0,0.0,0.0,0.0,3.1151576,0.0,2.136371,0.0,2.5696902,0.0,1.0568869,0.0,0.0,0.0,2.8173547,2.3871741,0.0,0.0,0.0
0.0,1.5848963,0.0,2.6037989,1.2849605,1.6378064,1.3840516,1.332747,0.0,0.0,0.0,0.70122325,0.6548822,1.8476132,0.0,0.0,1.5454991,1.5642747,1.7658517,0.33816624,0.0,0.3919772,1.8797061,0.36512774,0.0,1.4496257,1.7506249,1.0834984,0.13113612,1.3064675,0.0,2.0248444
0.0,0.0,0.0,3.4940147,0.0362734,0.0,2.5739365,3.5475032,0.0,0.0,0.0,2.7519715,3.1705234,0.0,0.0,0.0,0.0,3.260316,0.0,1.7602638,0.0,2.1296568,0.0,1.1948676,0.0,0.0,0.0,2.4834495,1.9474665,0.0,0.0,0.0
0.0,2.0601509,0.0,2.7480216,1.8076484,2.0989726,1.2400248,1.1229258,0.0,0.0,0.0,0.22163045,0.093295194,2.407416,0.0,0.0,2.130876,1.377102,2.2437675,0.0,0.0,0.28227592,2.4972925,0.23051585,0.0,2.0957289,2.5192537,0.7233606,0.14179987,2.1086817,0.0,2.8209908
0.0,0.0,0.0,3.618228,0.25266072,0.1915495,2.1594186,3.4457326,0.0,0.0,0.0,2.5148094,2.525622,0.2190087,0.0,0.0,0.0,3.3262093,0.0,1.6915615,0.0,2.222997,0.18783242,0.9465592,0.0,0.14211985,0.25913537,2.2387345,2.3829434,0.422872,0.0,0.45993194
0.0,0.0,0.0,3.6261363,0.12767111,0.08822687,2.5226965,3.4885166,0.0,0.0,0.0,2.6188626,2.6298847,0.31373286,0.0,0.0,0.0,3.3744526,0.0,1.8690025,0.0,2.2939768,0.0,1.1488688,0.0,0.0,0.1687705,2.6833797,2.0482235,0.32176068,0.0,0.21620435
0.0,0.46701622,0.0,2.6586566,0.35980916,0.6427451,1.5945843,2.2344372,0.0,0.0,0.0,1.5572668,1.586883,0.7300659,0.0,0.0,0.3575189,2.4573538,0.53930086,1.0294911,0.0,1.2722332,0.73088086,0.5823661,0.0,0.5270387,0.6283811,1.6472737,1.1801399,0.41905558,0.0,0.95935816
0.0,1.9487519,0.0,1.8141551,1.505573,1.849764,1.0287066,0.8254606,0.0,0.0,0.0,0.28480208,0.1063504,2.2059076,0.0,0.0,1.8107854,1.3682846,1.7476542,0.10225655,0.0,0.0,2.040082,0.37022263,0.0,1.7743363,1.7928368,0.481627,0.0,1.4901302,0.0,2.5822904
0.0,1.8057866,0.0,2.5033367,1.3479098,1.7212778,1.1773838,1.3709743,0.0,0.0,0.0,0.0,0.045247655,2.3315282,0.0,0.0,1.4814024,1.5212123,1.9262255,0.0,0.0,0.21219328,2.0546045,0.23650016,0.0,1.4219449,2.260209,0.63228476,0.23073989,2.0008593,0.0,2.5792348
0.0,0.0,0.0,3.1198196,0.07201783,0.07898469,2.1061678,3.0141456,0.0,0.0,0.0,2.5184376,2.7494206,0.027776275,0.0,0.0,0.0,2.7963076,0.09724844,1.5441617,0.0,1.7559552,0.0,0.78697264,0.0,0.10214195,0.110270984,2.349381,1.682633,0.050003894,0.0,0.00045917928
0.0,2.0570807,0.0,2.3461132,1.534678,2.330563,0.9252524,0.8498857,0.0,0.0,0.0,0.046878822,0.0,2.6741655,0.0,0.0,2.0767705,1.404207,2.313495,0.0,0.0,0.0,2.5021498,0.0,0.0,1.8426484,2.276479,0.25491396,0.037244253,2.0234208,0.0,2.8614337
0.0,1.6666182,0.0,2.70067,1.3486121,1.6162372,1.496192,1.4977033,0.0,0.0,0.0,0.64806366,0.53642225,1.8542625,0.0,0.0,1.4272485,1.6652493,1.6070483,0.41927898,0.0,0.5509459,1.8483777,0.4241085,0.0,1.513891,1.7567577,1.1808912,0.45290118,1.6587735,0.0,2.3468277
0.0,0.9191016,0.0,2.5226054,0.69508606,0.9095314,1.6374961,1.9696348,0.0,0.0,0.0,1.3281385,1.4034504,0.9311419,0.0,0.0,0.88013,2.0292416,0.9108622,1.0469606,0.0,1.0549845,1.1595303,0.63032925,0.0,0.8224425,0.8440751,1.7875881,0.67027515,0.7127625,0.0,1.3905135
0.0,2.0542402,0.0,2.8652542,2.0213592,2.1912012,1.421576,1.0875722,0.0,0.0,0.0,0.33414173,0.3819532,2.3766239,0.0,0.0,1.8332814,1.6817617,2.2492237,0.049168598,0.0,0.1991247,2.3344936,0.31036484,0.0,2.1008759,2.1390324,0.90924466,0.0,2.0062492,0.0,2.909269
0.0,1.4046673,0.0,2.497638,0.9584133,1.3263316,1.5030583,1.5117908,0.0,0.0,0.0,0.8189968,0.9057269,1.5362178,0.0,0.0,1.2679503,1.8026869,1.4358176,0.7036979,0.0,0.71899366,1.4233112,0.5503193,0.0,1.1786169,1.4170789,1.4088657,0.24750799,1.2009805,0.0,1.7533628
0.0,0.47785413,0.0,2.9987688,0.34202534,0.669136,1.9520576,2.3855307,0.0,0.0,0.0,1.6595861,1.7670902,0.5484951,0.0,0.0,0.39564762,2.5067677,0.6138806,1.2671357,0.0,1.203447,0.7987436,0.68713856,0.0,0.5894257,0.62260413,1.7074673,1.1189036,0.46640283,0.0,0.8943851
0.0,0.0,0.0,2.9071813,0.0,0.00922047,1.9531407,2.7209663,0.0,0.0,0.0,2.3418798,2.3584528,0.0,0.0,0.0,0.0,2.640296,0.072155215,1.8221711,0.0,1.7987524,0.16640466,0.8455031,0.0,0.13284662,0.0,2.3509731,1.7345302,0.0,0.0,0.0800119
0.0,0.0,0.0,3.5115688,0.39032444,0.20820622,2.3247561,3.2675574,0.0,0.0,0.0,2.4636748,2.5168312,0.30484852,0.0,0.0,0.0,3.0908403,0.13139574,1.966204,0.0,2.1102035,0.22347647,1.0582066,0.0,0.29291442,0.27206597,2.244268,1.7257276,0.5004518,0.0,0.53059816
0.0,0.5513923,0.0,3.3423405,0.87443286,0.7778446,2.4073648,2.76992,0.0,0.0,0.0,1.8621148,2.2870448,0.88165236,0.0,0.0,0.35020337,2.5692272,0.70822,0.9723685,0.0,1.4882528,0.7483797,0.7053111,0.0,0.5099943,0.87604845,2.306191,0.885899,0.8404093,0.0,0.75777435
0.0,0.8404,0.0,3.0149245,1.2676278,1.1545596,1.8854855,2.0594137,0.0,0.0,0.0,1.3711814,1.4685597,1.4123131,0.0,0.0,0.8579858,2.1234543,1.0992755,0.63775146,0.0,1.1493838,1.2879461,0.46138203,0.0,1.0080218,1.244584,1.6880417,0.645415,1.0595771,0.0,1.4096678
0.0,0.11635508,0.0,2.6372855,0.0,0.27970976,1.7186773,2.6469965,0.0,0.0,0.0,2.0364165,2.11747,0.05363055,0.0,0.0,0.39124233,2.3696294,0.19285266,1.5468394,0.0,1.5361246,0.5958631,0.60619783,0.0,0.34907386,0.2853874,2.0394244,1.591712,0.0,0.0,0.47528416
0.0,0.68953735,0.0,2.370578,0.46880776,0.9480416,1.2666831,1.7400107,0.0,0.0,0.0,1.0400708,1.2564234,0.8569632,0.0,0.0,0.83789515,1.9434615,0.89562684,0.79340595,0.0,0.85810804,1.1256279,0.2924571,0.0,0.8200716,0.8660076,1.1839442,0.91511315,0.75337076,0.0,1.1270291
0.0,0.5532892,0.0,3.2116704,0.40383065,0.54404503,2.1037326,2.6094332,0.0,0.0,0.0,1.5069778,1.9620764,0.5979393,0.0,0.0,0.45535052,2.4977903,0.6548095,0.97597873,0.0,1.4085706,0.7827037,0.91719747,0.0,0.40028685,0.78553903,2.0660338,0.9910045,0.52120787,0.0,0.8567777
0.0,0.5186859,0.0,3.3453488,0.8374157,0.865323,1.8570557,2.3331547,0.0,0.0,0.0,1.5364746,1.5321201,1.1541284,0.0,0.0,0.65995353,2.2811162,0.8765702,1.05637,0.0,1.5148952,1.0847031,0.5109378,0.0,0.59545624,1.1022851,1.6890919,1.1260093,0.95992196,0.0,1.1404108
0.0,1.770225,0.0,2.9565825,1.9212407,2.0707114,1.5192666,1.3572626,0.0,0.0,0.0,0.5915226,0.35485777,2.592525,0.0,0.0,1.9564914,1.5721068,2.0916557,0.17210688,0.0,0.67345023,2.2569933,0.21283455,0.0,1.9014227,2.3009017,1.0155901,0.26501435,2.146461,0.0,2.5168793
0.0,0.116796866,0.0,2.1372144,0.21037143,0.29416308,1.5155351,2.1389093,0.0,0.0,0.0,1.6230903,1.6388263,0.21243581,0.0,0.0,0.25775692,1.7934624,0.17629434,0.89212656,0.0,1.1237832,0.58873165,0.4649765,0.0,0.32490063,0.2052226,1.6245095,1.0746713,0.0,0.0,0.45274478
0.0,1.571527,0.0,2.6169972,1.4881208,1.7665298,1.3957443,1.246011,0.0,0.0,0.0,0.6350665,0.48475584,2.1002045,0.0,0.0,1.4926085,1.7078227,1.7267342,0.32831955,0.0,0.45673215,1.7922397,0.26541483,0.0,1.6124356,1.7315354,0.94793206,0.27625602,1.6109058,0.0,2.2510545
0.0,0.74424106,0.0,2.904874,0.42514706,0.68009657,1.7702769,2.4144392,0.0,0.0,0.0,1.5658258,2.0579066,0.3251857,0.0,0.0,0.74702626,1.7742387,0.8662845,0.99402297,0.0,0.8962262,0.88327694,0.7180399,0.0,0.6491242,0.6674046,1.9709394,0.87860525,0.36617902,0.0,0.8834206
0.0,0.0,0.0,3.4059925,0.0,0.0,2.435923,3.479607,0.0,0.0,0.0,2.4026406,2.808333,0.023968477,0.0,0.0,0.0,3.2516322,0.0,1.6677508,0.0,1.8374426,0.0,1.2655568,0.0,0.0,0.0,2.2293963,1.7705022,0.06792956,0.0,0.0
0.0,0.3319165,0.0,3.0595384,0.35129791,0.6987293,1.7398859,2.5893974,0.0,0.0,0.0,1.6150805,1.6984171,0.696764,0.0,0.0,0.514011,2.5422177,0.6602224,1.151444,0.0,1.5287089,1.061436,0.51676154,0.0,0.4763672,0.73475266,1.7525437,1.4650766,0.56933916,0.0,1.0005609
0.0,0.0,0.0,3.5791588,0.0,0.0,2.4303837,3.6469233,0.0,0.0,0.0,2.6663337,2.928545,0.0,0.0,0.0,0.0,3.3748145,0.0,1.6842568,0.0,1.9930909,0.0,1.0073748,0.0,0.0,0.0,2.3200939,2.2363667,0.0,0.0,0.0
0.0,1.3996421,0.0,2.6447306,1.2210102,1.5958631,1.3267272,1.3802776,0.0,0.0,0.0,0.78934073,0.45935437,1.8757299,0.0,0.0,1.2463428,1.9376352,1.5893824,0.8262564,0.0,0.58303493,1.8760979,0.37966383,0.0,1.3187805,1.6451803,0.8521226,0.5950534,1.5599463,0.0,2.1783607
0.0,0.2933165,0.0,2.963458,0.77716804,0.64731383,2.000218,2.359517,0.0,0.0,0.0,1.8049662,1.6128114,0.7417303,0.0,0.0,0.4825953,2.2305186,0.6019343,1.2398537,0.0,1.4208992,0.8725592,0.78744084,0.0,0.762365,0.69285125,1.7086291,1.2339207,0.52899367,0.0,0.7663745
0.0,0.6470871,0.0,3.2678032,0.6304309,0.7213442,1.8269675,2.3722162,0.0,0.0,0.0,1.6631159,1.9344268,0.6613531,0.0,0.0,0.5107011,2.4089098,0.8873165,1.1661884,0.0,1.4197632,0.7550165,0.8120528,0.0,0.79991806,0.8636048,1.9573059,1.1282252,0.65919685,0.0,0.9277966
0.0,0.09610818,0.0,3.122565,0.15534253,0.14910215,2.1138186,2.9678535,0.0,0.0,0.0,1.992842,2.2049239,0.47330132,0.0,0.0,0.0,2.9320056,0.12574245,1.3142403,0.0,1.7687281,0.25617737,1.0511141,0.0,0.045733783,0.36665815,2.139224,1.5552844,0.15236536,0.0,0.47925726
0.0,0.37513405,0.0,2.7695432,0.30090642,0.63510936,1.9008187,2.2730162,0.0,0.0,0.0,1.8513721,1.6241714,0.6281666,0.0,0.0,0.4471876,2.5725055,0.43555874,1.7248117,0.0,1.5278586,0.6300312,0.8179477,0.0,0.6147629,0.48447877,1.7712866,1.3735827,0.5502427,0.0,0.74450076
0.0,1.6328132,0.0,2.8664393,1.2702134,1.8060656,1.4065359,1.4056861,0.0,0.0,0.0,0.51586056,0.5027437,1.9364676,0.0,0.0,1.6143789,1.5368605,1.9971159,0.21327306,0.0,0.3000402,2.0179408,0.33038807,0.0,1.5870271,1.927145,0.9297444,0.42997807,1.6388754,0.0,2.1535742
0.0,1.4634304,0.0,2.0973377,1.0792159,1.4935106,1.283973,1.5127926,0.0,0.0,0.0,0.7962747,0.6891267,1.7562077,0.0,0.0,1.5368246,1.4128517,1.4870007,0.26287544,0.0,0.2088713,1.6997651,0.3016721,0.0,1.3846308,1.4873872,0.9663252,0.38681823,1.1740693,0.0,1.8939711
0.0,0.7859982,0.0,2.6661549,0.51265377,0.9511828,1.5036913,1.9811406,0.0,0.0,0.0,1.2799134,1.5147971,1.0683573,0.0,0.0,0.91756415,2.0146275,1.0465025,0.9019692,0.0,1.0272604,1.0702511,0.35313123,0.0,0.6861899,0.96063876,1.6120262,0.7266764,0.68324995,0.0,1.1329447
0.0,1.5146947,0.0,2.8444185,1.7099733,1.8411864,1.5590122,1.410531,0.0,0.0,0.0,0.6869619,0.42012843,2.3086414,0.0,0.0,1.6074842,1.7383193,1.6732174,0.55202305,0.0,0.720812,1.9876184,0.34122586,0.0,1.6145432,1.821347,0.8243619,0.35143298,1.8477877,0.0,2.2382429
0.0,1.17496,0.0,2.988083,0.94869095,1.1648366,1.6646569,1.8344003,0.0,0.0,0.0,1.191598,1.5407602,1.0458249,0.0,0.0,0.9964054,2.189818,1.2219281,1.0556465,0.0,0.9449073,1.2565751,0.5951085,0.0,1.1796774,1.1449977,1.6169338,0.5776023,1.0393096,0.0,1.6599511
0.0,0.26177284,0.0,2.9610434,0.15442018,0.48167822,2.039586,2.5053499,0.0,0.0,0.0,1.6986028,1.8409101,0.66037834,0.0,0.0,0.27199015,2.6094065,0.41064063,1.2433013,0.0,1.2827243,0.51047003,0.7853171,0.0,0.2521889,0.47243717,1.7158446,1.3240422,0.33029398,0.0,0.50620997
0.0,1.1634874,0.0,2.8747323,1.2509756,1.3778533,1.5473402,2.0474186,0.0,0.0,0.0,1.2966552,1.1051294,1.5093093,0.0,0.0,1.1379577,2.2907867,1.2424343,0.7495574,0.0,0.9493162,1.6608475,0.39922285,0.0,1.4485722,1.3346257,1.40585,1.1146917,1.2250631,0.0,2.1588771
0.0,0.84115124,0.0,2.8735287,0.81801414,0.8506444,1.7095841,1.994412,0.0,0.0,0.0,1.3896925,1.723055,0.8532383,0.0,0.0,0.64324695,2.2866988,0.8680655,1.1336001,0.0,1.3647677,0.87391454,0.6882615,0.0,0.7732112,0.7535285,2.0152948,0.64923936,0.74689996,0.0,1.2956978
0.0,0.90301263,0.0,1.5321944,0.7043333,1.2121211,0.94216865,1.3153329,0.0,0.0,0.0,0.81314075,0.8399495,1.086866,0.0,0.0,1.2170824,1.2288864,1.0516541,0.22952934,0.0,0.18667182,1.5097394,0.0,0.0,1.0927675,0.9137044,0.76671225,0.516906,0.7213743,0.0,1.3745922
0.0,0.0,0.0,3.2020202,0.0,0.0,2.3769019,3.361299,0.0,0.0,0.0,2.3904006,2.4045134,0.0,0.0,0.0,0.0,2.8212323,0.0,1.5307381,0.0,1.9667463,0.0,1.2395132,0.0,0.0,0.0,2.1468816,1.7851053,0.0,0.0,0.0
0.0,0.29470515,0.0,3.8191328,1.2088646,0.70105153,2.4222856,3.134065,0.0,0.0,0.0,2.1161768,2.4394472,0.80191076,0.0,0.0,0.22693455,2.9355562,0.6234164,1.1292192,0.0,1.7010161,0.43884602,1.1809914,0.0,0.8826611,0.70650744,1.82778,1.7182602,1.3725287,0.0,0.91984487
0.0,0.60850537,0.0,2.8254075,0.6373962,0.74293184,1.6977441,2.1507149,0.0,0.0,0.0,1.3544302,1.7982028,0.76564246,0.0,0.0,0.5192313,2.4749498,0.7644783,0.8592403,0.0,1.3605088,0.9600011,0.5564388,0.0,0.7618547,0.84498274,1.8243589,0.89551467,0.6791902,0.0,1.1860007
0.0,0.028772037,0.0,3.7643354,0.3327648,0.12330602,2.5103397,3.1817706,0.0,0.0,0.0,2.3365903,2.512158,0.37949714,0.0,0.0,0.0,2.9561563,0.21209033,1.966106,0.0,2.1889277,0.015118657,1.2796997,0.0,0.048687223,0.4218372,2.5059867,1.5087253,0.47655344,0.0,0.21212694
0.0,1.0274832,0.0,2.2341228,0.92851937,1.3164837,1.1963544,1.4744877,0.0,0.0,0.0,0.9174715,0.7526846,1.6218597,0.0,0.0,1.2658414,1.7191287,1.293449,0.38351703,0.0,0.60078096,1.6139024,0.05957175,0.0,1.1624057,1.3560867,1.0221981,0.6130306,0.9229066,0.0,1.6507607
0.0,0.82010376,0.0,2.7490745,0.7298085,0.9398251,1.807564,2.0536084,0.0,0.0,0.0,1.5653807,1.5539583,0.94365156,0.0,0.0,0.77661604,2.2922301,0.7511246,1.3468258,0.0,1.3937637,0.8744567,0.7896862,0.0,0.89554524,0.74835366,1.9228604,0.8913718,0.77362597,0.0,1.1382817
0.0,1.2831193,0.0,2.3462913,0.93479836,1.3392692,1.3487736,1.6732163,0.0,0.0,0.0,0.9966854,0.9712907,1.5388805,0.0,0.0,1.2591487,1.599522,1.5301361,0.37910473,0.0,0.44774503,1.4672148,0.35133392,0.0,1.1917732,1.4327497,1.3193097,0.3853069,0.94986784,0.0,1.6620826
0.0,1.623718,0.0,2.641041,1.3548977,1.8025115,1.3461918,1.4994495,0.0,0.0,0.0,0.64246416,0.62603784,2.1081355,0.0,0.0,1.710509,1.8571297,1.8364167,0.22928037,0.0,0.46579766,1.9900178,0.24686469,0.0,1.678446,1.8963257,1.0315797,0.4656381,1.5620129,0.0,2.3582132
0.0,0.0,0.0,2.3948216,0.0,0.0,1.9135903,2.696493,0.0,0.0,0.0,2.1584294,2.1235514,0.0,0.0,0.0,0.0,2.2457952,0.0,1.4068191,0.0,1.377721,0.03819421,0.86502075,0.0,0.0,0.0,1.824965,1.6532677,0.0,0.0,0.0
0.0,0.0,0.0,3.9131665,0.0,0.0,2.683887,4.4655595,0.0,0.0,0.0,3.352059,3.5318272,0.0,0.0,0.0,0.0,3.9678202,0.0,1.991338,0.0,2.627767,0.0,1.1766392,0.0,0.0,0.0,2.6562228,2.9077253,0.0,0.0,0.0
0.0,1.1257329,0.0,2.4839425,1.3952029,1.5534,1.3105184,1.6327935,0.0,0.0,0.0,0.96630424,1.2892998,1.4756426,0.0,0.0,1.0338193,1.9351747,1.5353467,0.0,0.0,0.30530056,1.6700028,0.052322634,0.0,1.7044042,1.3793559,0.9915187,0.7623761,1.3345162,0.0,1.9998306
0.0,1.6765054,0.0,2.5715184,1.3693659,1.6173377,1.4903708,1.2681179,0.0,0.0,0.0,0.5564631,0.66585577,2.045322,0.0,0.0,1.6998107,1.6645383,1.6518891,0.439649,0.0,0.44097412,1.6985266,0.50593185,0.0,1.4927506,1.7280085,0.92848384,0.10704952,1.698978,0.0,2.1148183
0.0,0.037005167,0.0,1.8341618,0.08609037,0.17890811,1.40599,2.0748076,0.0,0.0,0.0,1.5005071,1.428482,0.30498424,0.0,0.0,0.118137494,1.8198856,0.030188851,0.74761194,0.0,1.0566579,0.3676421,0.55155736,0.0,0.12507534,0.17800328,1.4189115,1.0958563,0.0,0.0,0.27493382
0.0,0.7982482,0.0,3.562882,0.91934144,0.8117264,2.1640449,2.4845946,0.0,0.0,0.0,1.5251904,1.9415528,1.1558738,0.0,0.0,0.6932519,2.314863,1.1073582,0.6981635,0.0,1.3985516,0.785879,0.89730155,0.0,0.6730812,1.2566302,2.0881014,0.71373886,0.9139689,0.0,0.9690903
0.0,0.0,0.0,2.7150958,0.0,0.0,2.1193917,3.3921409,0.0,0.0,0.0,2.5284386,2.7429874,0.0,0.0,0.0,0.0,2.72017,0.0,1.2964875,0.0,2.0154977,0.0,1.0989873,0.0,0.0,0.0,2.1588776,1.8897372,0.0,0.0,0.0
0.0,0.0,0.0,3.7895122,0.0,0.0,2.3879642,3.8395226,0.0,0.0,0.0,2.652873,2.631188,0.0,0.0,0.0,0.0,3.248158,0.0,1.6104181,0.0,2.1115415,0.0,1.2097381,0.0,0.0,0.19294845,2.3087611,2.3385963,0.0,0.0,0.0
0.0,1.6535242,0.0,2.5622826,1.2600031,1.6994863,1.3652682,1.5053537,0.0,0.0,0.0,0.74457115,0.63807833,2.0047946,0.0,0.0,1.5192314,1.8372751,1.6547924,0.4072175,0.0,0.24705517,1.9397992,0.27055562,0.0,1.5463902,1.7916765,0.8392568,0.4027807,1.3895379,0.0,2.410751
0.0,0.11542456,0.0,3.3045506,0.09140776,0.25489798,2.0787783,2.8243313,0.0,0.0,0.0,2.15551,2.4108965,0.13649292,0.0,0.0,0.0,2.6693373,0.36167836,1.5174786,0.0,1.775278,0.274886,0.7999097,0.0,0.2667022,0.42752844,2.2924185,1.550304,0.3133843,0.0,0.42633727
0.0,0.18674152,0.0,3.2193823,0.24212538,0.39455405,2.08461,2.968067,0.0,0.0,0.0,2.042367,2.0924234,0.6129337,0.0,0.0,0.21586931,2.7987227,0.3369685,1.2996331,0.0,1.5722594,0.48364246,0.8155716,0.0,0.29853353,0.5944457,1.8950462,1.6399714,0.3863377,0.0,0.5792797
0.0,0.10807644,0.0,2.5350375,0.37416163,0.51475126,1.6533526,2.3001313,0.0,0.0,0.0,1.896811,1.8579808,0.49561512,0.0,0.0,0.42986333,2.1129549,0.4599391,1.2016102,0.0,1.4547817,0.6667601,0.5222395,0.0,0.40045494,0.29721087,2.0493457,1.3069662,0.07073625,0.0,0.46470788
0.0,0.030563962,0.0,3.2635713,0.0,0.08990027,2.110817,2.9217114,0.0,0.0,0.0,2.2958233,2.6579263,0.0,0.0,0.0,0.0,2.7659507,0.32057166,1.8324705,0.0,1.7797753,0.042074323,0.97365534,0.0,0.02716604,0.11258841,2.541271,1.4368528,0.0,0.0,0.052370824
0.0,0.18810754,0.0,2.887573,0.31895518,0.37680474,2.0385737,2.854391,0.0,0.0,0.0,2.0741963,1.7492923,0.9212889,0.0,0.0,0.45421475,2.6960063,0.1581407,1.6152027,0.0,2.1246908,0.45928764,1.0022682,0.0,0.20152187,0.4490629,2.2784195,1.6420308,0.39212513,0.0,0.5715499
0.0,0.0,0.0,2.2396584,0.0,0.0,1.7471783,2.8351064,0.0,0.0,0.0,2.12572,2.1329334,0.0,0.0,0.0,0.0,2.2804604,0.0,1.2794596,0.0,1.555946,0.0090425,0.610498,0.0,0.0,0.0,1.885819,1.6829863,0.0,0.0,0.0
0.0,0.30546632,0.0,1.7086504,0.0956835,0.34413585,1.3457798,1.9399247,0.0,0.0,0.0,1.3009883,1.2315496,0.5097691,0.0,0.0,0.3916885,1.7446439,0.23397279,0.591106,0.0,0.79029804,0.6417666,0.42426646,0.0,0.35654,0.38452083,1.2659141,0.937775,0.039472062,0.0,0.5645512
0.0,0.28759345,0.0,1.7167115,0.08053434,0.33671305,1.3346618,1.9489868,0.0,0.0,0.0,1.3075956,1.2417713,0.49767345,0.0,0.0,0.37563902,1.7587333,0.23441522,0.5938434,0.0,0.7907719,0.6394122,0.41517836,0.0,0.346895,0.37455034,1.2575047,0.9645002,0.029781654,0.0,0.557712
0.0,0.47854725,0.0,1.7902426,0.07503745,0.4979383,1.3357387,1.9603566,0.0,0.0,0.0,1.2066617,1.280982,0.47428468,0.0,0.0,0.54419196,1.5153472,0.40932885,0.48094532,0.0,0.5824762,0.7366437,0.35538024,0.0,0.44163606,0.50833744,1.2581635,0.85424525,0.15506153,0.0,0.63494086
0.0,1.6313094,0.0,2.617125,1.3851728,1.7016578,1.4810753,1.415152,0.0,0.0,0.0,0.65986955,0.4753208,2.0755842,0.0,0.0,1.5662916,1.5498623,1.8441808,0.3988006,0.0,0.4513507,1.9524293,0.49159473,0.0,1.3560421,1.8345908,1.1227772,0.102184586,1.5250491,0.0,2.1639462
0.0,1.7970968,0.0,2.5983844,1.3888977,1.8797207,1.2303128,1.252481,0.0,0.0,0.0,0.43415308,0.5179329,2.096402,0.0,0.0,1.6767619,1.7006345,2.031232,0.119673386,0.0,0.30899227,2.0669303,0.23938526,0.0,1.6437206,1.9357169,1.0292653,0.16287607,1.6329724,0.0,2.4480374
0.0,0.0,0.0,2.3101382,0.0,0.0,1.7981632,2.8348885,0.0,0.0,0.0,2.062273,2.0741432,0.0,0.0,0.0,0.0,2.2825348,0.0,1.2074176,0.0,1.5384501,0.0,0.74038553,0.0,0.0,0.0,1.8245523,1.5324458,0.0,0.0,0.0
0.0,1.1084298,0.0,3.0926423,0.8463028,0.8923276,2.079785,2.263094,0.0,0.0,0.0,1.3752018,1.7765152,1.0185366,0.0,0.0,0.8679163,2.0013685,1.1279624,0.7761059,0.0,0.8755201,0.80553544,0.9030474,0.0,0.8624928,0.99821496,1.948086,0.33387583,0.7507632,0.0,1.1501015
0.0,1.8928057,0.0,3.2122965,1.5514411,1.8777766,1.6686816,1.4606743,0.0,0.0,0.0,0.5595107,0.7116992,2.0698452,0.0,0.0,1.7955009,1.7890501,2.0455844,0.23894872,0.0,0.31392175,1.9669067,0.47992367,0.0,1.8952385,2.0082736,0.99029315,0.30851215,1.8078274,0.0,2.3940513
0.0,1.118986,0.0,2.8438375,1.2818699,1.4150039,1.4696002,1.7658503,0.0,0.0,0.0,0.87967455,0.7059748,1.8847531,0.0,0.0,1.2600313,1.7990384,1.4385246,0.23963524,0.0,0.63196707,1.5582802,0.27884007,0.0,1.2291133,1.587337,0.9164713,0.76989037,1.3548032,0.0,1.8485225
0.0,0.2036751,0.0,3.1658723,0.30427876,0.19314145,2.3077788,2.9768069,0.0,0.0,0.0,1.88576,2.225589,0.43151507,0.0,0.0,0.12071428,2.61797,0.2719698,1.0860165,0.0,1.7192765,0.26784664,1.0646667,0.0,0.055217598,0.4427148,2.2768683,1.0215552,0.29387218,0.0,0.3488235
0.0,0.20520659,0.0,2.9995618,0.237687,0.214965,2.29825,2.9256668,0.0,0.0,0.0,2.0035481,2.34449,0.28516075,0.0,0.0,0.028612796,2.7694945,0.08371351,1.206066,0.0,1.6306607,0.16649193,1.0204439,0.0,0.16120505,0.29271254,2.29725,1.2505025,0.20535564,0.0,0.33591703
0.0,1.3103552,0.0,2.276966,1.1267635,1.4648608,1.1505034,1.4758689,0.0,0.0,0.0,0.571645,0.5426042,2.042128,0.0,0.0,1.3263072,1.4458699,1.7337613,0.0,0.0,0.09453101,1.5297433,0.09785045,0.0,1.2167578,1.7223806,0.7596249,0.4693436,1.3312144,0.0,1.8361087
0.0,1.2707462,0.0,2.7666209,1.2012041,1.4913216,1.5471425,1.8404698,0.0,0.0,0.0,0.757995,0.58894086,2.0632145,0.0,0.0,1.3374673,1.826746,1.5706818,0.08174516,0.0,0.44269723,1.6809626,0.2677666,0.0,1.260459,1.7372484,0.8153664,0.68610126,1.5067308,0.0,2.04364
0.0,0.47443748,0.0,3.0484152,0.7642384,0.7702196,2.0186207,2.514641,0.0,0.0,0.0,1.7022843,1.6359053,0.8545857,0.0,0.0,0.5980194,2.3024678,0.57927,0.9058826,0.0,1.1728524,0.85349166,0.59783626,0.0,0.83540404,0.97071534,1.5055009,1.4286848,0.8464731,0.0,0.9645581
0.0,0.45164302,0.0,3.2769434,0.85125136,0.6843151,2.179212,2.739325,0.0,0.0,0.0,1.8078533,1.9144527,0.6782038,0.0,0.0,0.5512706,2.6235423,0.53855705,1.0747688,0.0,1.4458077,0.8728631,0.8390996,0.0,0.930146,0.75536174,1.7210858,1.3502911,0.793936,0.0,1.134539
0.0,0.0,0.0,3.0798604,0.0,0.0,1.9492269,3.1606586,0.0,0.0,0.0,2.1668017,2.4890888,0.0,0.0,0.0,0.0,2.8686514,0.0,1.4470918,0.0,1.906722,0.0,0.75563926,0.0,0.0,0.0,2.1250148,1.8098108,0.0,0.0,0.0
0.0,0.0,0.0,3.1561294,0.0,0.0,2.548806,3.831102,0.0,0.0,0.0,2.9856513,3.2594573,0.0,0.0,0.0,0.0,3.1451576,0.0,1.9613274,0.0,2.526545,0.0,1.2529216,0.0,0.0,0.0,2.8527143,2.1069906,0.0,0.0,0.0
0.0,0.09867464,0.0,2.3659644,0.0,0.12322457,1.8262877,2.6307745,0.0,0.0,0.0,1.7492017,1.9339327,0.20142247,0.0,0.0,0.20026487,1.9038262,0.08503995,0.8189317,0.0,0.9697175,0.26544484,0.714774,0.0,0.056690607,0.2066669,1.6013563,1.1854867,0.0,0.0,0.112249516
0.0,0.0,0.0,3.2214804,0.0,0.04044329,2.286126,3.3693976,0.0,0.0,0.0,2.3172297,2.4520946,0.0,0.0,0.0,0.037481073,2.6419961,0.0,1.4583906,0.0,1.4043885,0.2127794,0.9263421,0.0,0.04182193,0.16211484,1.922623,1.8806684,0.0,0.0,0.018771969
0.0,0.0,0.0,2.8951926,0.0,0.0,2.114739,2.9278917,0.0,0.0,0.0,2.0917547,2.1844757,0.33145657,0.0,0.0,0.0,2.6592717,0.0,1.4389873,0.0,1.8406799,0.03759086,0.9440004,0.0,0.0,0.16792397,2.2466288,1.3943242,0.0,0.0,0.0
0.0,0.0,0.0,2.9384582,0.0,0.0,2.1054888,3.170271,0.0,0.0,0.0,2.4470477,2.536721,0.0,0.0,0.0,0.0,2.743544,0.0,1.6107788,0.0,1.8699423,0.0,0.9546989,0.0,0.0,0.0,2.3896065,1.7032894,0.0,0.0,0.0
0.0,0.29436606,0.0,2.585751,0.10630591,0.44472373,1.6995623,2.500312,0.0,0.0,0.0,1.6263243,1.7347494,0.794753,0.0,0.0,0.45814842,2.5186856,0.19744344,1.098926,0.0,1.5151132,0.46421683,0.62456733,0.0,0.15732008,0.5223032,1.676985,1.2731085,0.3834426,0.0,0.60970104
0.0,0.113192126,0.0,3.0735126,0.16943048,0.2738006,2.1879864,2.8076944,0.0,0.0,0.0,1.8924129,2.1755664,0.56931615,0.0,0.0,0.13955247,2.8042927,0.15412511,1.3621645,0.0,1.8510219,0.29752368,0.847276,0.0,0.019404264,0.3496626,2.1377444,1.2320927,0.38055015,0.0,0.42832923
0.0,0.0,0.0,3.0349371,0.0,0.0,2.419837,3.557456,0.0,0.0,0.0,2.765995,2.919002,0.0,0.0,0.0,0.0,3.1439176,0.0,2.0143821,0.0,2.44214,0.0,1.2591496,0.0,0.0,0.0,2.6824586,1.9929857,0.0,0.0,0.0
0.0,0.0,0.0,3.1598146,0.0,0.0,2.259572,3.19589,0.0,0.0,0.0,2.2939448,2.3998954,0.030093003,0.0,0.0,0.0,2.9330218,0.0,1.6550726,0.0,2.1344693,0.0,1.1217476,0.0,0.0,0.1691138,2.4307094,1.8184396,0.0,0.0,0.0
0.0,0.0,0.0,3.1354184,0.0,0.0,2.4686508,3.688476,0.0,0.0,0.0,2.9044826,3.062511,0.0,0.0,0.0,0.0,3.2935948,0.0,2.1197302,0.0,2.5629878,0.0,1.2247591,0.0,0.0,0.0,2.733117,2.1710858,0.0,0.0,0.0
0.0,0.0,0.0,3.0113358,0.0,0.0,2.4083917,3.5431683,0.0,0.0,0.0,2.7606854,2.909145,0.0,0.0,0.0,0.0,3.1467402,0.0,1.9916445,0.0,2.430536,0.0,1.2467341,0.0,0.0,0.0,2.6703172,2.0001245,0.0,0.0,0.0
0.0,0.0,0.0,2.9065309,0.0,0.0,2.3657546,3.5775168,0.0,0.0,0.0,2.5353498,2.8827136,0.0,0.0,0.0,0.0,2.9775176,0.0,1.6159239,0.0,2.1418042,0.0,1.2719176,0.0,0.0,0.0,2.5824838,1.794531,0.0,0.0,0.0
0.0,0.0,0.0,3.1655114,0.0,0.0,2.562063,3.8411598,0.0,0.0,0.0,2.9911957,3.263641,0.0,0.0,0.0,0.0,3.1488705,0.0,1.967737,0.0,2.530493,0.0,1.2570626,0.0,0.0,0.0,2.8585963,2.105789,0.0,0.0,0.0
0.0,0.0,0.0,3.0945685,0.0,0.0,2.192668,3.33256,0.0,0.0,0.0,2.5802445,2.9252834,0.0,0.0,0.0,0.0,3.3093827,0.0,1.9954015,0.0,2.0675046,0.0,1.0976992,0.0,0.0,0.0,2.5126052,2.0969417,0.0,0.0,0.0
0.0,0.10255967,0.0,3.0968227,0.0,0.17582567,2.0986643,2.754632,0.0,0.0,0.0,1.9646086,2.4326258,0.14275087,0.0,0.0,0.0,2.9445772,0.12009544,1.5514787,0.0,1.6948432,0.021127818,0.97720045,0.0,0.0824016,0.19116108,2.121412,1.2897879,0.10013465,0.0,0.24262214
0.0,0.0,0.0,3.3044918,0.0,0.0,2.451926,3.4065523,0.0,0.0,0.0,2.4863775,2.4111931,0.09669775,0.0,0.0,0.14762694,2.8332157,0.0,1.7807478,0.0,2.3269732,0.17421335,1.2257304,0.0,0.0,0.10022003,2.6116261,1.8845539,0.043236397,0.0,0.0
0.0,0.32448885,0.0,3.925494,1.125782,0.75838596,2.5430007,2.9611478,0.0,0.0,0.0,2.1457899,2.203788,1.0063939,0.0,0.0,0.30978793,2.7762256,0.64541626,1.2536653,0.0,1.8014246,0.7937769,0.74364597,0.0,0.6142104,0.89977133,2.1810577,1.459365,0.98002696,0.0,0.8356436
0.0,1.4664973,0.0,2.934557,1.3956546,1.7430372,1.5969927,1.658589,0.0,0.0,0.0,0.6776904,0.75828743,2.064833,0.0,0.0,1.3990382,1.690478,1.9013932,0.0,0.0,0.043218084,1.8800204,0.107330926,0.0,1.4689134,1.8178883,0.74648887,0.48818582,1.6649913,0.0,2.06269
0.0,0.005271744,0.0,3.099957,0.0,0.0,1.9401668,3.00878,0.0,0.0,0.0,1.9632629,2.2435849,0.0,0.0,0.0,0.05567873,2.8445294,0.02455134,1.4868889,0.0,1.7145334,0.20371383,0.88026506,0.0,0.0,0.24264073,2.0630035,1.6773841,0.0,0.0,0.23647738
0.0,0.0,0.0,3.930582,0.02266578,0.02560592,2.4984372,3.529225,0.0,0.0,0.0,2.7186036,2.7159402,0.19701447,0.0,0.0,0.0,3.321562,0.11900366,2.0622818,0.0,2.2499177,0.0,1.037822,0.0,0.0,0.09043253,2.5599883,1.9363551,0.13173151,0.0,0.20660168
0.0,0.0,0.0,3.247322,0.0,0.0,2.2695408,3.5687027,0.0,0.0,0.0,2.6758718,2.6448734,0.0,0.0,0.0,0.0,3.195677,0.0,1.8883713,0.0,1.9933841,0.0,1.0404106,0.0,0.0,0.0,2.2642293,2.217793,0.0,0.0,0.1837411
0.0,0.0,0.0,3.0024943,0.0,0.0,2.154659,3.197557,0.0,0.0,0.0,2.4311125,2.7874088,0.0,0.0,0.0,0.0,3.0655031,0.0,1.9564637,0.0,2.3345323,0.0,1.0982909,0.0,0.0,0.0,2.6288195,1.750352,0.0,0.0,0.0
0.0,0.0,0.0,2.987144,0.0,0.0,2.2573478,3.4524202,0.0,0.0,0.0,2.988966,3.0489244,0.0,0.0,0.0,0.0,2.803713,0.0,2.1707246,0.0,2.5400195,0.0,0.9356471,0.0,0.0,0.0,2.6993947,2.0803857,0.0,0.0,0.0
0.0,0.0,0.0,2.4284267,0.0,0.0,1.8097365,2.7415369,0.0,0.0,0.0,2.182338,2.3221307,0.0,0.0,0.0,0.06395182,2.4488068,0.0,1.4023095,0.0,1.6310042,0.06071925,0.6174678,0.0,0.023904415,0.0,2.0598698,1.7033509,0.0,0.0,0.0
0.0,0.09885742,0.0,3.3214622,0.28749683,0.29953092,2.2693105,2.8440757,0.0,0.0,0.0,1.9367031,2.0783365,0.6481262,0.0,0.0,0.21408015,2.7876403,0.038605966,1.717978,0.0,2.003633,0.1738174,0.9969436,0.0,0.0332166,0.34415954,2.0018194,1.458815,0.59713596,0.0,0.3827217
0.0,0.30645064,0.0,2.672493,0.17029808,0.3346374,1.6731747,2.354189,0.0,0.0,0.0,1.8169593,1.7477025,0.35448208,0.0,0.0,0.4266855,2.2482069,0.40546498,1.4372439,0.0,1.6745769,0.5897912,0.78561395,0.0,0.42271233,0.47288018,2.0357058,1.2925811,0.2399964,0.0,0.55644643
0.0,0.8085594,0.0,3.0269108,0.48161972,0.8692402,2.023734,2.2481594,0.0,0.0,0.0,1.5734456,1.666693,0.9280167,0.0,0.0,0.8196863,2.1281466,1.0228819,1.2478977,0.0,1.1717032,0.8805848,0.79791826,0.0,0.70980215,0.9426074,1.9831855,0.7879203,0.5988051,0.0,0.8666123
0.0,0.6122501,0.0,2.3899229,0.40386254,0.7968532,1.5304105,1.9566808,0.0,0.0,0.0,1.4267479,1.710286,0.6709524,0.0,0.0,0.742812,1.8559366,0.79958266,0.804474,0.0,0.8410666,0.92709976,0.3280213,0.0,0.6738273,0.6037278,1.6351162,0.7020735,0.28117868,0.0,0.8540437
0.0,1.3009833,0.0,2.5374978,0.8869296,1.3724813,1.3926339,1.3871057,0.0,0.0,0.0,0.7899549,1.0377444,1.2532706,0.0,0.0,1.2235637,1.9603505,1.2634066,0.7492288,0.0,0.5569372,1.363909,0.43052316,0.0,1.3728294,1.2368474,1.0175557,0.46285218,1.1351166,0.0,1.7473811
0.0,1.0583996,0.0,3.2919965,0.9023513,1.136081,1.9213228,2.2815986,0.0,0.0,0.0,1.2576059,1.3061332,1.1301082,0.0,0.0,0.9294533,2.246504,1.3025109,0.66088414,0.0,0.87461793,1.3890535,0.7128346,0.0,1.2181789,1.4110631,1.3928685,0.88172764,1.080995,0.0,1.568856
0.0,0.20439638,0.0,3.064402,0.52834696,0.5741963,2.265112,2.704328,0.0,0.0,0.0,2.0460196,2.330947,0.26128685,0.0,0.0,0.02690858,2.7738352,0.2108245,1.1346903,0.0,1.3305734,0.44814473,0.71023756,0.0,0.58716327,0.41403037,1.9368024,1.4964739,0.47403288,0.0,0.4896487
0.0,0.49131948,0.0,3.5090027,0.6801043,0.5175727,2.1180577,2.6549191,0.0,0.0,0.0,1.9495934,2.0538828,0.58628803,0.0,0.0,0.5023485,2.7359796,0.5820899,1.5085087,0.0,1.7143888,0.65405035,0.93692046,0.0,0.7574655,0.58580434,2.0592353,1.4323274,0.7361394,0.0,0.9867985
0.0,0.23522578,0.0,3.236815,0.4313693,0.12766409,2.454462,2.878194,0.0,0.0,0.0,2.090553,2.3189714,0.36404142,0.0,0.0,0.0,2.6177084,0.32496414,1.3128941,0.0,1.672762,0.09594828,1.1914729,0.0,0.13358742,0.23280714,2.4964561,0.8770868,0.15094364,0.0,0.2960286
0.0,0.0,0.0,2.3388984,0.0,0.0,1.8861427,2.931199,0.0,0.0,0.0,2.158102,2.168915,0.0,0.0,0.0,0.0,2.3557403,0.0,1.2677087,0.0,1.5994586,0.0,0.7896483,0.0,0.0,0.0,1.966381,1.5467957,0.0,0.0,0.0
0.0,0.156013,0.0,3.307389,0.39183766,0.07746966,2.6550784,3.1029549,0.0,0.0,0.0,2.1828551,2.5036218,0.16696207,0.0,0.0,0.0,2.6636565,0.04030592,1.3419751,0.0,1.7332647,0.16377252,1.1436173,0.0,0.119065136,0.2228416,2.510985,1.043657,0.15990517,0.0,0.18828169
0.0,0.17588456,0.0,3.1252337,0.398597,0.2567929,2.2392244,2.702318,0.0,0.0,0.0,1.9574467,2.1565802,0.5419715,0.0,0.0,0.1459991,2.5081437,0.33303416,1.3443564,0.0,1.750896,0.1902911,0.9165743,0.0,0.13810018,0.34939593,2.1864846,0.9235911,0.44891396,0.0,0.30385983
0.0,0.4982465,0.0,2.977688,0.53837556,0.5420931,2.0844483,2.4857817,0.0,0.0,0.0,1.6299725,1.8769225,0.7032484,0.0,0.0,0.3592011,2.443235,0.6325067,0.95585287,0.0,1.2116677,0.5558696,0.8189295,0.0,0.5000301,0.53610367,1.8702393,0.8233983,0.50223583,0.0,0.79647523
0.0,1.4891821,0.0,2.5387049,1.3561673,1.5793028,1.3651996,1.6222084,0.0,0.0,0.0,0.77661693,0.4864579,1.9804555,0.0,0.0,1.5926411,1.5737439,1.4827371,0.43851995,0.0,0.7070926,1.849497,0.402529,0.0,1.3699589,1.6482868,1.1545876,0.5574967,1.4369311,0.0,2.1368809
0.0,0.5137918,0.0,2.6099634,0.30051783,0.66658384,1.7061818,2.301418,0.0,0.0,0.0,1.6148494,1.5280925,0.8724081,0.0,0.0,0.6126829,2.0990477,0.69006467,1.0598952,0.0,1.1032736,0.83701515,0.6112317,0.0,0.40411064,0.5858381,1.7639773,1.1050781,0.25911975,0.0,0.77544135
0.0,1.6688749,0.0,2.6590703,1.2885942,1.7869797,1.310157,1.4304802,0.0,0.0,0.0,0.6005142,0.5266142,1.9472232,0.0,0.0,1.7184302,1.5729597,1.9953994,0.24747969,0.0,0.18455684,2.108913,0.28707665,0.0,1.660532,1.9231398,0.8798581,0.3361947,1.4283253,0.0,2.2823508
0.0,1.1975161,0.0,2.764431,1.1875966,1.320142,1.6516001,2.0307577,0.0,0.0,0.0,1.2367879,0.887906,1.6580704,0.0,0.0,1.3659239,2.086592,1.1603637,0.86414886,0.0,1.0007478,1.7584312,0.54571354,0.0,1.388293,1.4838202,1.2921691,0.97351044,1.1570755,0.0,2.0153096
0.0,1.7958275,0.0,2.9435906,1.468871,1.6729745,1.6062694,1.4803517,0.0,0.0,0.0,0.5282661,0.43181023,2.0920706,0.0,0.0,1.6560534,1.6550088,1.9525092,0.41959846,0.0,0.4935643,2.0398355,0.6473428,0.0,1.6083096,2.0535884,0.99880385,0.19649404,1.7298919,0.0,2.3454115
0.0,0.0,0.0,3.5223763,0.0,0.0,2.336105,3.429861,0.0,0.0,0.0,2.490544,3.083237,0.0,0.0,0.0,0.0,3.259994,0.0,1.8334136,0.0,2.367888,0.0,1.0647653,0.0,0.0,0.0,2.6179364,1.7659599,0.0,0.0,0.0
0.0,0.10823183,0.0,3.534893,0.23251094,0.15658699,2.5401037,3.11585,0.0,0.0,0.0,2.4301858,2.8219917,0.0,0.0,0.0,0.09605786,2.4880319,0.15795474,1.9217249,0.0,1.7563311,0.2085644,1.0478153,0.0,0.24756002,0.12234651,2.6224077,1.3021225,0.03701795,0.0,0.15553212
0.0,0.0,0.0,2.7775154,0.0,0.0,2.305119,3.548442,0.0,0.0,0.0,2.844154,2.8345096,0.0,0.0,0.0,0.0,2.9153147,0.0,2.0196748,0.0,2.49362,0.0,1.228649,0.0,0.0,0.0,2.7247226,2.0661657,0.0,0.0,0.0
0.0,0.512284,0.0,1.4735208,0.28599453,0.55607903,1.0879962,1.5141829,0.0,0.0,0.0,1.0262077,0.8936311,0.65900964,0.0,0.0,0.59729904,1.3740919,0.42979378,0.47795546,0.0,0.6368337,0.8599081,0.32044548,0.0,0.51354825,0.5077394,1.1142707,0.65702206,0.15560463,0.0,0.76955545
0.0,0.11290859,0.0,2.6455977,0.10473557,0.46714285,1.9156293,2.6384954,0.0,0.0,0.0,2.0360312,1.9148966,0.6055311,0.0,0.0,0.28445727,2.6022327,0.2902325,1.3617669,0.0,1.4652293,0.69228613,0.57490075,0.0,0.22285217,0.28826812,2.0354173,1.3338629,0.0,0.0,0.51592577
0.0,1.474755,0.0,2.256168,1.2190046,1.4363892,1.2835441,1.4907929,0.0,0.0,0.0,0.6035619,0.36709276,1.7644663,0.0,0.0,1.5331385,1.5930502,1.4610912,0.2114041,0.0,0.39600646,1.924752,0.46276134,0.0,1.5657681,1.7562919,0.7519888,0.49246675,1.2951165,0.0,2.168542
0.0,0.34791338,0.0,2.6457605,0.028114866,0.38609233,1.5267565,2.4402163,0.0,0.0,0.0,1.6081468,1.4709147,0.499994,0.0,0.0,0.43559277,2.3091733,0.41545996,1.1467773,0.0,1.3330654,0.8471052,0.580093,0.0,0.30594087,0.6112815,1.7234652,1.4976083,0.10136864,0.0,0.887099
0.0,0.0,0.0,2.4728022,0.0,0.0,2.0849042,3.1366467,0.0,0.0,0.0,2.454385,2.3963048,0.0,0.0,0.0,0.0,2.4699373,0.0,1.727631,0.0,2.003291,0.06640577,1.0391917,0.0,0.0,0.0,2.4226696,1.7098756,0.0,0.0,0.0
0.0,0.066468045,0.0,2.6878905,0.0,0.24660374,1.6387987,2.5139556,0.0,0.0,0.0,1.9276886,1.9246063,0.009245414,0.0,0.0,0.18697861,2.4169292,0.24991019,1.5199298,0.0,1.419006,0.49769926,0.63857466,0.0,0.23548743,0.2876512,1.8224579,1.5114101,0.0,0.0,0.3708696
0.0,1.3018632,0.0,2.8065648,0.94280326,1.332129,1.6361444,1.9234703,0.0,0.0,0.0,1.1034108,0.74669933,1.6501409,0.0,0.0,1.3645014,2.1227517,1.2202965,0.9176064,0.0,0.9650689,1.5756339,0.63114506,0.0,1.2605524,1.4573892,1.3285798,1.0536473,1.2958541,0.0,1.9544407
0.0,0.29551166,0.0,2.506011,0.1915911,0.30753335,1.9532753,2.424734,0.0,0.0,0.0,1.7592603,1.633926,0.50401163,0.0,0.0,0.2909807,2.3102088,0.18957208,1.231316,0.0,1.4029523,0.64614296,0.8124951,0.0,0.30312476,0.38733512,1.8956637,1.1182836,0.036363207,0.0,0.6343231
0.0,0.0,0.0,2.8674684,0.0,0.0,2.2769573,3.2155085,0.0,0.0,0.0,2.4433746,2.542848,0.0,0.0,0.0,0.0,3.0180082,0.0,2.0446653,0.0,2.2173676,0.0,1.1010331,0.0,0.0,0.0,2.4020195,1.7505262,0.0,0.0,0.06890624
0.0,1.5603023,0.0,2.5050213,1.1137068,1.5597991,1.4352484,1.602825,0.0,0.0,0.0,0.6990454,0.5213635,1.9018422,0.0,0.0,1.5759047,1.4851395,1.7364452,0.1983806,0.0,0.29922056,1.8834718,0.37037224,0.0,1.3686836,1.8323293,1.0972703,0.32801372,1.2295885,0.0,2.0034645
0.0,0.0,0.0,2.666407,0.0,0.0,1.9641664,2.762007,0.0,0.0,0.0,1.9765003,2.3818338,0.0,0.0,0.0,0.0,2.5281658,0.0,1.3491745,0.0,1.6638154,0.06616199,0.78278977,0.0,0.0,0.0,2.1668077,1.3052732,0.0,0.0,0.0
0.0,0.113107294,0.0,1.9613109,0.0,0.15738817,1.5244341,2.231646,0.0,0.0,0.0,1.5572497,1.5655798,0.3248144,0.0,0.0,0.1824683,1.9188396,0.075867675,0.7358432,0.0,1.0203204,0.3846166,0.49774593,0.0,0.115017325,0.18317604,1.4832702,1.0777715,0.0,0.0,0.29318008
0.0,0.70972234,0.0,3.2389965,0.73200125,0.73871434,2.22653,2.6905198,0.0,0.0,0.0,1.9965214,1.9935719,0.70945424,0.0,0.0,0.706554,2.3201475,0.7707025,1.5766386,0.0,1.4858316,0.9563261,0.9684645,0.0,0.78480375,0.75910056,2.3087234,1.160944,0.5844309,0.0,1.002494
0.0,1.4537654,0.0,2.460205,1.2858948,1.5956266,1.3808128,1.7372508,0.0,0.0,0.0,0.89189076,0.33907267,2.1375546,0.0,0.0,1.6291723,1.7000153,1.54858,0.43524837,0.0,0.64556754,1.8732321,0.49479306,0.0,1.4635555,1.7441088,1.0132056,0.8094515,1.4626993,0.0,2.1459575
0.0,0.0,0.0,3.1368294,0.0,0.027780373,2.1049128,2.8955524,0.0,0.0,0.0,2.3339658,2.3814378,0.18486485,0.0,0.0,0.17805155,2.7670722,0.021991916,1.8605102,0.0,2.1992998,0.19126517,0.8693959,0.0,0.0,0.028060444,2.4888573,1.6726669,0.04919239,0.0,0.042570554
0.0,1.5474067,0.0,2.4791245,1.2387476,1.7803261,1.1635327,1.2491218,0.0,0.0,0.0,0.49495292,0.45271763,1.9490567,0.0,0.0,1.612828,1.6878064,1.8203998,0.19180943,0.0,0.2319169,2.1607041,0.07956303,0.0,1.6374321,1.7462045,0.7519259,0.5724961,1.4363788,0.0,2.3167555
0.0,0.35169026,0.0,2.9111772,0.035273712,0.19629724,1.9873308,2.5546384,0.0,0.0,0.0,1.8250767,2.4230971,0.0,0.0,0.0,0.21225843,2.3211617,0.29304934,1.5641934,0.0,1.4536039,0.35543132,0.9388127,0.0,0.23693025,0.18076375,2.32196,0.94807905,0.0,0.0,0.36965972
0.0,0.32469833,0.0,2.4667678,0.03162999,0.28449136,1.6252432,2.4753475,0.0,0.0,0.0,1.5650755,1.5410471,0.6491377,0.0,0.0,0.42917192,2.2801871,0.22914062,0.92449164,0.0,1.4461675,0.6437754,0.6149671,0.0,0.14096153,0.57168007,1.8282987,1.3029062,0.1204488,0.0,0.774597
0.0,0.23483618,0.0,3.0273428,0.20856793,0.2574461,2.1080484,2.773272,0.0,0.0,0.0,2.0217743,2.3462808,0.18420137,0.0,0.0,0.06885883,2.8041632,0.13471724,1.407297,0.0,1.79065,0.29872072,0.9060323,0.0,0.21857038,0.109659575,2.4358268,1.2323467,0.09746491,0.0,0.5476235
0.0,0.108386934,0.0,1.9164257,0.0,0.17796959,1.4742364,2.213471,0.0,0.0,0.0,1.5433447,1.505765,0.34628084,0.0,0.0,0.17835552,1.8891959,0.08177029,0.7170561,0.0,1.0218549,0.40579185,0.50525135,0.0,0.14197028,0.20911057,1.4477091,1.0802945,0.0,0.0,0.35096443
0.0,0.0,0.0,3.1281757,0.0,0.0,2.3711858,3.5699446,0.0,0.0,0.0,2.807757,3.2389803,0.0,0.0,0.0,0.0,3.2890553,0.0,2.2645888,0.0,2.5569787,0.0,1.2823396,0.0,0.0,0.0,2.8778467,2.065964,0.0,0.0,0.0
0.0,0.0,0.0,2.6653047,0.0,0.0,1.8400841,2.8161197,0.0,0.0,0.0,2.0094733,2.146618,0.0,0.0,0.0,0.0,2.6563296,0.0,1.523079,0.0,1.8482357,0.075743675,0.88959444,0.0,0.0,0.030340679,2.2906098,1.5979911,0.0,0.0,0.26210028
0.0,0.66985494,0.0,3.0474563,0.84693164,0.83359796,2.0002127,2.4408352,0.0,0.0,0.0,1.7944771,1.4244123,1.256908,0.0,0.0,0.9157761,2.368438,0.6867682,1.4285101,0.0,1.7643297,1.0309544,0.8418592,0.0,0.7726988,0.8821571,2.0836024,1.3872806,0.87431484,0.0,1.1490257
0.0,1.1959836,0.0,2.32059,0.7666088,1.3340955,1.0048791,1.5995392,0.0,0.0,0.0,0.7039901,0.5796449,1.7187974,0.0,0.0,1.3183687,1.739622,1.3362112,0.25360918,0.0,0.6680602,1.6909394,0.060422428,0.0,1.0303936,1.5527747,1.0159829,0.7805564,1.0312004,0.0,1.8756404
0.0,1.063284,0.0,2.914814,0.4195642,0.96884215,1.6114285,2.0199847,0.0,0.0,0.0,1.056401,1.056668,1.335373,0.0,0.0,0.9032776,2.1365907,1.2192391,0.860968,0.0,1.0466977,1.0301763,0.73499674,0.0,0.689913,1.3453269,1.5155528,0.829627,0.9581205,0.0,1.3000728
0.0,0.0,0.0,3.2281704,0.0,0.0,2.2121727,3.334632,0.0,0.0,0.0,2.7567909,2.877093,0.0,0.0,0.0,0.0,2.9469423,0.0,2.0368075,0.0,2.3565748,0.0,1.1157184,0.0,0.0,0.0,2.635583,1.9580072,0.0,0.0,0.0
0.0,0.0,0.0,3.6055727,0.0713125,0.19568773,2.3623857,3.1648731,0.0,0.0,0.0,2.5009215,2.8674614,0.0,0.0,0.0,0.0,3.080668,0.005830207,1.8453687,0.0,2.0138667,0.08199531,0.9115936,0.0,0.086460024,0.005095177,2.2551582,1.7323155,0.026718728,0.0,0.0
0.0,0.0,0.0,3.234789,0.0,0.0,2.3532834,3.6542,0.0,0.0,0.0,2.8747993,2.8342488,0.0,0.0,0.0,0.0,2.9405332,0.0,2.1093354,0.0,2.453637,0.0,1.1769295,0.0,0.0,0.0,2.6737342,2.1173475,0.0,0.0,0.0
0.0,0.0,0.0,3.054677,0.0,0.0,2.210669,3.45926,0.0,0.0,0.0,2.7130926,3.129349,0.0,0.0,0.0,0.0,3.007451,0.0,2.255628,0.0,2.4446044,0.0,1.198673,0.0,0.0,0.0,2.7555828,1.9990982,0.0,0.0,0.0
0.0,0.0,0.0,3.1467104,0.0,0.0,2.1254666,3.3054945,0.0,0.0,0.0,2.7273357,3.0790823,0.0,0.0,0.0,0.0,2.9599934,0.0,2.3176398,0.0,2.6139088,0.0,1.0980029,0.0,0.0,0.0,2.8075738,2.0788522,0.0,0.0,0.0
0.0,0.09760897,0.0,3.6114585,0.3507589,0.091471836,2.256943,3.1870599,0.0,0.0,0.0,2.3538792,2.8302858,0.0,0.0,0.0,0.0,2.7508388,0.29301116,1.4527019,0.0,1.8150867,0.19316489,1.0351386,0.0,0.32138082,0.23656787,2.5944624,1.6583728,0.18575141,0.0,0.42264768
0.0,0.0,0.0,3.1768765,0.0,0.0,2.0393403,3.1602535,0.0,0.0,0.0,2.374249,2.4313757,0.049502436,0.0,0.0,0.0,2.846425,0.0,1.6632711,0.0,2.149748,0.032631934,0.8532569,0.0,0.0,0.14915563,2.3793929,1.7967466,0.0,0.0,0.11228248
0.0,0.0,0.0,3.2564554,0.0,0.19257678,2.03732,2.9957194,0.0,0.0,0.0,2.202309,2.2591445,0.24372594,0.0,0.0,0.0,2.9713302,0.118693866,1.8674743,0.0,2.0095365,0.14161623,0.81794894,0.0,0.043068085,0.3601556,2.0868917,1.8300868,0.36752635,0.0,0.2722401
0.0,0.45370373,0.0,3.3106613,0.4383887,0.6552031,1.8373381,2.5350392,0.0,0.0,0.0,1.7661095,1.8083099,0.917837,0.0,0.0,0.32018107,2.7212682,0.68318397,1.3136472,0.0,1.5750407,0.5858555,0.6449177,0.0,0.41599068,0.8483612,1.782627,1.278145,0.7486694,0.0,0.968945
0.0,0.0,0.0,3.5304604,0.0,0.0,2.438564,3.6039705,0.0,0.0,0.0,2.9167929,2.9977658,0.0,0.0,0.0,0.0,3.1653118,0.0,2.1844878,0.0,2.5096827,0.0,1.1413777,0.0,0.0,0.0,2.6238248,2.2395356,0.0,0.0,0.0
0.0,0.061415922,0.0,3.5261245,0.12427615,0.26758662,2.2915452,3.0180097,0.0,0.0,0.0,2.2010214,2.6333191,0.13687758,0.0,0.0,0.0,3.2781353,0.25100455,1.7652093,0.0,1.8680227,0.08067882,0.98483974,0.0,0.17528719,0.16382325,2.274309,1.4697334,0.37429842,0.0,0.49663663
0.0,0.03466044,0.0,3.0628195,0.082514,0.0,2.3472753,3.1763866,0.0,0.0,0.0,2.1536477,1.9295824,0.32990128,0.0,0.0,0.08335006,2.4781399,0.0,1.3780698,0.0,2.116013,0.2219035,1.3262212,0.0,0.0,0.4944384,2.4143002,1.4110008,0.061333083,0.0,0.12732914
0.0,0.10507713,0.0,1.8415236,0.035765763,0.17553858,1.4093435,1.9984556,0.0,0.0,0.0,1.4600431,1.4127427,0.36067083,0.0,0.0,0.17274694,1.7794951,0.072712354,0.75325954,0.0,1.0719806,0.37851477,0.5118838,0.0,0.12908614,0.19458312,1.4400432,0.9931751,0.0,0.0,0.2808972
0.0,0.4664424,0.0,3.0861483,0.65439415,0.6039175,2.1529856,2.6123424,0.0,0.0,0.0,1.8242776,2.0756557,0.7075073,0.0,0.0,0.3268277,2.4825597,0.5726906,1.0361177,0.0,1.4594368,0.5504844,0.7935599,0.0,0.46449777,0.589267,2.1946685,1.1065688,0.65195096,0.0,0.7737225
0.0,0.0,0.0,3.3152068,0.012567949,0.107372925,2.149306,3.089611,0.0,0.0,0.0,2.356018,2.483823,0.2270495,0.0,0.0,0.0,2.7615166,0.13163598,1.6317755,0.0,1.8867015,0.050922036,0.8228843,0.0,0.0,0.17458345,2.3266492,1.709164,0.13393968,0.0,0.17217425
0.0,0.0,0.0,2.06356,0.0,0.1013162,1.52737,2.3448029,0.0,0.0,0.0,1.6551379,1.6805152,0.18632019,0.0,0.0,0.031251717,1.9520724,0.025847428,0.8053713,0.0,1.1277323,0.2913671,0.56285405,0.0,0.042089675,0.17475219,1.544534,1.2141623,0.0,0.0,0.21670157
0.0,0.0,0.0,3.441652,0.0,0.0,2.484117,3.775928,0.0,0.0,0.0,3.0324264,3.2194412,0.0,0.0,0.0,0.0,3.3998935,0.0,2.5337029,0.0,2.6961439,0.0,1.3278458,0.0,0.0,0.0,2.8473973,2.3619516,0.0,0.0,0.0
0.0,0.0,0.0,3.0669308,0.21741523,0.016195703,2.2039933,3.102406,0.0,0.0,0.0,2.3289876,2.1937268,0.45775694,0.0,0.0,0.0,2.5774732,0.009156265,1.4112698,0.0,2.2266934,0.30852634,0.8694571,0.0,0.0,0.3110239,2.4125023,1.6510898,0.10623848,0.0,0.0
0.0,0.0,0.0,3.3039036,0.0,0.0,2.399324,3.7351131,0.0,0.0,0.0,2.9378986,2.9247887,0.0,0.0,0.0,0.0,2.9851873,0.0,2.1326485,0.0,2.500684,0.0,1.2049458,0.0,0.0,0.0,2.7273998,2.1605437,0.0,0.0,0.0
0.0,0.0,0.0,3.3786945,0.0,0.0,2.5580363,3.938292,0.0,0.0,0.0,3.4475832,3.3994772,0.0,0.0,0.0,0.0,3.2484384,0.0,2.6840596,0.0,2.995383,0.0,1.3626208,0.0,0.0,0.0,3.0790334,2.47867,0.0,0.0,0.0
0.0,0.0,0.0,3.2368126,0.0,0.0,2.3505387,3.660111,0.0,0.0,0.0,2.8856928,2.848429,0.0,0.0,0.0,0.0,2.951623,0.0,2.11059,0.0,2.4673483,0.0,1.1731884,0.0,0.0,0.0,2.6825151,2.1280346,0.0,0.0,0.0
0.0,0.0,0.0,3.1547718,0.016560178,0.0,2.1762404,3.1381457,0.0,0.0,0.0,2.3394544,2.2391245,0.17276861,0.0,0.0,0.0,2.816495,0.0,1.7030951,0.0,2.0821857,0.17110145,0.9575033,0.0,0.0,0.16757478,2.2366555,1.8433372,0.044820182,0.0,0.15449533
0.0,0.0,0.0,2.3007545,0.0,0.0,1.7929838,2.9195178,0.0,0.0,0.0,2.1814222,2.2579992,0.0,0.0,0.0,0.0,2.3680706,0.0,1.2825893,0.0,1.6238238,0.0,0.72338957,0.0,0.0,0.0,1.9822989,1.6683298,0.0,0.0,0.0
0.0,0.0,0.0,2.547574,0.0,0.0,1.8739542,2.8700016,0.0,0.0,0.0,2.0727043,2.3182766,0.0,0.0,0.0,0.0,2.1096196,0.0,1.1044557,0.0,1.3301543,0.009811638,0.68577856,0.0,0.0,0.0,1.8906124,1.4979473,0.0,0.0,0.0
0.0,0.019664776,0.0,3.3994887,0.0,0.18944399,1.815033,3.0217342,0.0,0.0,0.0,2.054404,2.1647294,0.47381994,0.0,0.0,0.00030702725,3.221026,0.33528897,1.4689308,0.0,2.2059977,0.40500927,0.7366497,0.0,0.0,0.42790803,2.357233,1.8548874,0.30563033,0.0,0.6831106
0.0,0.0,0.0,3.2092032,0.0,0.0,2.145864,3.180511,0.0,0.0,0.0,2.2618377,2.165331,0.027853448,0.0,0.0,0.0,2.7018468,0.0,1.6287471,0.0,2.1605184,0.12563127,1.0903878,0.0,0.0,0.24177976,2.4319816,1.7174195,0.0,0.0,0.18314427
0.0,0.56766546,0.0,3.0701327,0.84695,0.7284691,1.967243,2.4481673,0.0,0.0,0.0,1.7984451,1.6150438,1.0073028,0.0,0.0,0.6623959,2.2345033,0.6783525,1.1871277,0.0,1.5548941,0.7234856,0.8113756,0.0,0.7501425,0.97626615,1.8499196,1.104437,0.87532383,0.0,0.9688972
0.0,0.0,0.0,3.2424717,0.0,0.0,2.3214686,3.3548322,0.0,0.0,0.0,2.7595992,2.5285559,0.0,0.0,0.0,0.0,2.783352,0.0,2.031195,0.0,2.4576373,0.0,1.1021212,0.0,0.0,0.0,2.5303292,1.9813348,0.0,0.0,0.0
0.0,0.0,0.0,2.206378,0.0,0.0,1.7305771,2.6544697,0.0,0.0,0.0,1.9316741,1.9478413,0.0,0.0,0.0,0.0,2.097536,0.0,1.083767,0.0,1.328949,0.1295281,0.6020607,0.0,0.0,0.0,1.7891486,1.3716002,0.0,0.0,0.0
0.0,0.0,0.0,2.0957384,0.0,0.0,1.662326,2.5111537,0.0,0.0,0.0,1.7898717,1.7934572,0.0,0.0,0.0,0.008989785,2.0202644,0.0,1.029748,0.0,1.2342366,0.29115456,0.56587684,0.0,0.0,0.0,1.6986493,1.2662433,0.0,0.0,0.037834726
0.0,1.2455084,0.0,2.5860934,0.8398348,1.3435717,1.5085247,1.9859252,0.0,0.0,0.0,1.0005656,0.8236364,1.9256018,0.0,0.0,1.3540537,2.1797397,1.3134394,0.5681311,0.0,0.9348762,1.5006653,0.46536112,0.0,1.0795424,1.4487402,1.3563514,0.91618365,1.2248596,0.0,1.83683
0.0,0.0,0.0,2.760324,0.0,0.0,2.2250957,3.1668277,0.0,0.0,0.0,2.3031683,2.6272938,0.0,0.0,0.0,0.0,2.8735414,0.0,1.78676,0.0,2.034528,0.0,1.1272156,0.0,0.0,0.0,2.513761,1.4930252,0.0,0.0,0.0
0.0,0.0,0.0,3.128972,0.28552604,0.0018953271,2.545243,3.1215687,0.0,0.0,0.0,2.3031373,2.231645,0.39618224,0.0,0.0,0.0,2.7907047,0.0,1.5293999,0.0,2.082224,0.0,1.1082866,0.0,0.0,0.16548242,2.6100118,1.4060739,0.1691992,0.0,0.02904328
0.0,1.5580631,0.0,2.9083676,1.2807853,1.7399061,1.394975,1.7215443,0.0,0.0,0.0,0.70187294,0.5708622,2.1851676,0.0,0.0,1.673387,1.74999,1.9015222,0.1808895,0.0,0.41111338,2.0126245,0.17966248,0.0,1.5679686,1.945126,0.9059805,0.7239861,1.5744907,0.0,2.2872918
0.0,1.6687957,0.0,2.547512,1.0103415,1.4629283,1.4985956,1.6970065,0.0,0.0,0.0,0.6782063,0.57859933,1.8937843,0.0,0.0,1.3159375,2.142564,1.4193568,0.4869522,0.0,0.5213442,1.5410657,0.5804956,0.0,1.3509884,1.5539548,1.1297839,0.5453369,1.3826647,0.0,2.2857144
0.0,1.528107,0.0,2.0175915,1.1079807,1.4324548,1.3162105,1.3348892,0.0,0.0,0.0,0.67136276,0.37098762,1.9675095,0.0,0.0,1.5313793,1.5273068,1.5082278,0.32703453,0.0,0.4597678,1.7208103,0.42265987,0.0,1.2914569,1.5819387,1.2682438,0.26784474,1.1366614,0.0,2.0364008
0.0,0.0,0.0,3.1388392,0.0,0.0,2.2636628,3.1505833,0.0,0.0,0.0,1.97452,2.2666717,0.16852814,0.0,0.0,0.0,2.7624996,0.0,1.2804486,0.0,2.0639415,0.2995187,1.0080497,0.0,0.0,0.17865388,2.4349117,1.3020364,0.0,0.0,0.24933219
0.0,0.35272595,0.0,3.124679,0.3915574,0.31236887,2.1883752,2.7159662,0.0,0.0,0.0,1.9348686,1.9165853,0.5843585,0.0,0.0,0.5755486,2.2153664,0.33535782,1.2916704,0.0,2.0072832,0.5808089,1.0599433,0.0,0.30404863,0.6606554,2.459825,1.197568,0.33705097,0.0,0.47376144
0.0,0.08131488,0.0,3.3472352,0.0,0.16700883,2.1344087,2.931056,0.0,0.0,0.0,1.9922086,1.9345894,0.32582578,0.0,0.0,0.0890201,2.8378947,0.29400244,1.6736889,0.0,1.7920958,0.5630755,0.83790344,0.0,0.032430265,0.353621,2.0755112,1.4769658,0.121338114,0.0,0.5985247
0.0,0.0,0.0,2.7423768,0.0,0.0,2.1966267,3.391545,0.0,0.0,0.0,2.4123251,2.552993,0.0,0.0,0.0,0.0,2.3617072,0.0,1.380012,0.0,1.6543963,0.0,0.8891357,0.0,0.0,0.0,2.22855,1.6539484,0.0,0.0,0.0
0.0,2.1217403,0.0,2.7238193,1.62746,2.0749881,1.3682644,1.4493724,0.0,0.0,0.0,0.48885417,0.19254754,2.5673962,0.0,0.0,2.3501976,1.4776418,2.1818738,0.14698078,0.0,0.2081148,2.473153,0.27017725,0.0,2.0955682,2.3541574,0.8034077,0.2834018,1.8789645,0.0,2.9199688
0.0,0.0,0.0,2.810834,0.0,0.0,2.226492,3.0355592,0.0,0.0,0.0,2.1719966,2.513754,0.0,0.0,0.0,0.0,2.8099728,0.0,1.3805853,0.0,1.7456802,0.0,0.7942008,0.0,0.0,0.0,2.1318705,1.4097929,0.0,0.0,0.0
0.0,0.0,0.0,3.8266659,0.0,0.0,2.7314863,4.2163634,0.0,0.0,0.0,3.106495,3.305369,0.0,0.0,0.0,0.0,3.5704587,0.0,2.2284842,0.0,2.6415627,0.0,1.3845239,0.0,0.0,0.0,3.0866814,2.3109705,0.0,0.0,0.0
0.0,0.0,0.0,2.6266723,0.0,0.0,2.1076026,3.0700338,0.0,0.0,0.0,2.2517402,2.5692794,0.0,0.0,0.0,0.0,2.8087888,0.0,1.6073134,0.0,1.8518625,0.0,0.955334,0.0,0.0,0.0,2.2931528,1.5085348,0.0,0.0,0.0
0.0,0.28085116,0.0,2.693277,0.090873554,0.30126005,1.8231242,2.4589086,0.0,0.0,0.0,1.8923653,1.9088223,0.21180786,0.0,0.0,0.25814158,2.5208058,0.32068875,1.5433211,0.0,1.4945654,0.5334598,0.7921084,0.0,0.38765302,0.20420884,2.0674648,1.2516333,0.061439697,0.0,0.72964513
0.0,1.8053256,0.0,2.0348222,1.0259184,1.4874308,1.3074113,1.3522053,0.0,0.0,0.0,0.47571003,0.06947378,2.1557746,0.0,0.0,1.9265872,1.3905993,1.413202,0.32426083,0.0,0.5498296,1.8202963,0.48819578,0.0,1.3505433,1.7327278,1.1159675,0.26916128,1.3800563,0.0,2.2496855
0.0,0.0,0.0,3.2280579,0.0,0.0,2.418644,3.986059,0.0,0.0,0.0,3.0364318,3.2651398,0.0,0.0,0.0,0.0,3.1483192,0.0,1.9790119,0.0,2.4984608,0.0,1.0930605,0.0,0.0,0.0,2.558732,2.3547375,0.0,0.0,0.0
0.0,0.0,0.0,3.2037306,0.0,0.0,2.4031706,3.9525032,0.0,0.0,0.0,3.0119915,3.229878,0.0,0.0,0.0,0.0,3.1314206,0.0,1.9633863,0.0,2.4760137,0.0,1.0795654,0.0,0.0,0.0,2.544506,2.332208,0.0,0.0,0.0
0.0,0.20430152,0.0,2.8057258,0.0,0.29658002,1.7966645,2.5959873,0.0,0.0,0.0,1.8862685,1.8059101,0.45386204,0.0,0.0,0.42005724,2.2169342,0.5370673,1.2931594,0.0,1.3529336,0.49542135,0.7565391,0.0,0.12250352,0.47637498,1.9814655,1.2300457,0.0,0.0,0.2920508
0.0,0.0,0.0,3.3080082,0.0,0.0,2.3083773,3.2235253,0.0,0.0,0.0,2.5587316,2.6901207,0.0,0.0,0.0,0.0,2.7745912,0.0,1.829872,0.0,2.0429301,0.0,1.1042948,0.0,0.0,0.0,2.389587,1.6804909,0.0,0.0,0.0
0.0,0.0,0.0,3.2009401,0.12945817,0.17290606,1.9761496,2.8159356,0.0,0.0,0.0,2.3363929,2.2044375,0.36079958,0.0,0.0,0.20866057,2.5510554,0.10385827,1.8767449,0.0,2.1003973,0.21242017,0.68131745,0.0,0.04184011,0.18120082,2.177504,1.6441683,0.14054984,0.0,0.08221815
0.0,0.38363257,0.0,2.312479,0.0,0.27511224,1.70908,2.2917943,0.0,0.0,0.0,1.7219859,1.6636994,0.30774415,0.0,0.0,0.46437585,2.345509,0.14686267,1.4668937,0.0,1.3737649,0.4500748,0.8686235,0.0,0.40176082,0.2602674,1.8525769,1.1985091,0.0,0.0,0.6268739
0.0,0.0,0.0,2.6062245,0.0,0.0,1.9718783,2.7917173,0.0,0.0,0.0,2.1070783,2.3837276,0.0,0.0,0.0,0.0,2.5311856,0.0,1.4516268,0.0,1.7319784,0.0,0.7710734,0.0,0.0,0.0,2.1371417,1.3710109,0.0,0.0,0.0
0.0,0.0,0.0,3.3725238,0.0,0.0,2.8643584,4.149829,0.0,0.0,0.0,3.2519436,3.2920997,0.0,0.0,0.0,0.0,3.5067058,0.0,2.5643673,0.0,2.9952023,0.0,1.7473164,0.0,0.0,0.0,3.246632,2.2149622,0.0,0.0,0.0
0.0,0.18222858,0.0,2.8025026,0.16521235,0.31809092,1.9184158,2.6403794,0.0,0.0,0.0,1.8486953,2.1131642,0.37372276,0.0,0.0,0.3775872,2.6926475,0.0978022,1.2881349,0.0,1.6128197,0.408051,0.8048153,0.0,0.29356843,0.1611498,1.9739105,1.3609715,0.12972474,0.0,0.58034
0.0,1.4960694,0.0,2.4899383,1.438128,1.8427196,1.1982574,1.0597615,0.0,0.0,0.0,0.45883512,0.28454748,2.2433734,0.0,0.0,1.7328485,1.4773766,1.8470597,0.04782332,0.0,0.28123367,1.9597987,9.811716e-05,0.0,1.6138048,1.802284,0.6671498,0.26778477,1.5730826,0.0,2.1313658
0.0,1.575529,0.0,2.6746297,1.0335988,1.60463,1.4746742,1.436547,0.0,0.0,0.0,0.5912131,0.61629665,1.776417,0.0,0.0,1.5042325,1.8745979,1.6413351,0.47238684,0.0,0.33785212,1.7950126,0.3472073,0.0,1.4487839,1.580082,0.9108904,0.29641122,1.3647928,0.0,2.1891193
0.0,0.17157976,0.0,2.704763,0.24995817,0.2597749,1.89731,2.6175919,0.0,0.0,0.0,1.9182332,1.7523955,0.56083256,0.0,0.0,0.5351214,2.2270706,0.29069486,1.2311497,0.0,1.7335575,0.6571,0.7871401,0.0,0.31608096,0.3883917,2.1373787,1.3967755,0.14194548,0.0,0.49373233
0.0,0.0,0.0,3.7880814,0.0,0.0,2.5700073,3.5728903,0.0,0.0,0.0,2.5124388,2.552954,0.0,0.0,0.0,0.0,3.3586473,0.063743986,2.00425,0.0,2.1310499,0.008629022,1.3460113,0.0,0.0,0.120554514,2.6115994,1.7656372,0.0,0.0,0.35981077
0.0,0.0,0.0,2.6397634,0.0,0.07389738,1.7797433,2.6487217,0.0,0.0,0.0,1.9842767,2.2166004,0.02737518,0.0,0.0,0.17382684,2.2949243,0.115109794,1.3602313,0.0,1.4358597,0.20205045,0.5972147,0.0,0.0,0.05100683,2.0018086,1.3215364,0.0,0.0,0.05469703
0.0,0.0,0.0,2.7688928,0.0,0.0,1.999264,3.1271358,0.0,0.0,0.0,2.4177728,2.6012652,0.0,0.0,0.0,0.0,2.6073127,0.0,1.6937951,0.0,1.7543811,0.0,0.8117247,0.0,0.0,0.0,2.3681524,1.7449945,0.0,0.0,0.0
0.0,0.14396814,0.0,2.0661504,0.0,0.13493259,1.6197052,2.3362536,0.0,0.0,0.0,1.5723517,1.519281,0.37843472,0.0,0.0,0.30450684,1.8804436,0.09982509,0.7553942,0.0,1.0190388,0.38639575,0.58376145,0.0,0.08667433,0.18115258,1.5131835,1.035175,0.0,0.0,0.3118781
0.0,0.0,0.0,2.2269993,0.0,0.0,1.7324536,2.7447023,0.0,0.0,0.0,1.9853067,1.955537,0.0,0.0,0.0,0.0,2.2125974,0.0,1.1749655,0.0,1.4785081,0.043441236,0.6668042,0.0,0.0,0.0,1.8324505,1.4768039,0.0,0.0,0.0
0.0,0.0,0.0,3.369576,0.0,0.0,2.8611152,4.1442614,0.0,0.0,0.0,3.2471046,3.2872899,0.0,0.0,0.0,0.0,3.5031543,0.0,2.5619037,0.0,2.9910426,0.0,1.7459444,0.0,0.0,0.0,3.243821,2.2115123,0.0,0.0,0.0
0.0,0.09112556,0.0,2.8155508,0.1013691,0.34437183,1.9236554,2.6842136,0.0,0.0,0.0,1.8734096,1.9122459,0.4902309,0.0,0.0,0.39406127,2.5525718,0.27356556,1.189781,0.0,1.5207273,0.6376761,0.58468056,0.0,0.2740116,0.22048838,1.9054139,1.5290498,0.21048316,0.0,0.58522594
0.0,1.7461026,0.0,2.3586073,0.7929153,1.4031606,1.5153682,1.3438375,0.0,0.0,0.0,0.36698866,0.21339987,1.8855371,0.0,0.0,1.4669759,1.6618071,1.6037426,0.15783621,0.0,0.22286701,1.6939217,0.60730016,0.0,1.2713921,1.8498843,0.9777944,0.14147419,1.1856717,0.0,2.0402257
0.0,0.08714236,0.0,3.1255274,0.0,0.22617845,2.1382594,2.9489422,0.0,0.0,0.0,2.1779203,2.172523,0.30865517,0.0,0.0,0.25249547,2.5354495,0.36628404,1.4640907,0.0,1.4340693,0.26614773,0.87578803,0.0,0.09606734,0.40030664,2.1150007,1.4833694,0.0,0.0,0.14780328
0.0,0.0,0.0,2.9461858,0.0,0.0,2.2734413,3.4784625,0.0,0.0,0.0,2.6138458,2.619176,0.0,0.0,0.0,0.0,2.7236276,0.0,1.8144203,0.0,2.1917205,0.0,1.0864996,0.0,0.0,0.0,2.530067,1.9259657,0.0,0.0,0.0
0.0,0.0,0.0,2.5605917,0.0,0.0,1.997302,2.823503,0.0,0.0,0.0,2.1616056,2.0770314,0.107722655,0.0,0.0,0.0,2.3697762,0.0,1.2750221,0.0,1.7795278,0.029355166,0.8154985,0.0,0.0,0.0,2.016575,1.4365224,0.0,0.0,0.0
0.0,0.0,0.0,3.3912911,0.0,0.0,2.2088623,3.1215134,0.0,0.0,0.0,2.1522408,2.4021866,0.040943135,0.0,0.0,0.0,2.8229427,0.018492289,1.439514,0.0,1.9848363,0.051999807,0.97922575,0.0,0.0,0.11005134,2.3152776,1.4578906,0.0,0.0,0.10324036
0.0,0.0,0.0,2.6070905,0.0,0.0,2.1806643,3.315948,0.0,0.0,0.0,2.7305152,2.5325878,0.0,0.0,0.0,0.0,2.4079823,0.0,1.7015494,0.0,2.338647,0.0,0.9564208,0.0,0.0,0.0,2.6536565,1.9526542,0.0,0.0,0.0
0.0,0.45282748,0.0,3.2423353,0.4628372,0.30867705,2.170892,2.6599212,0.0,0.0,0.0,1.667577,1.957775,0.577576,0.0,0.0,0.3116034,2.6349118,0.3494791,1.1706136,0.0,1.6572179,0.3605904,1.013305,0.0,0.25805187,0.4693099,2.0907989,0.91783005,0.56386733,0.0,0.7972132
0.0,0.0,0.0,2.8884032,0.0,0.0,2.350489,3.4531536,0.0,0.0,0.0,2.5625763,2.8553598,0.0,0.0,0.0,0.0,3.0263016,0.0,1.8255421,0.0,2.0684319,0.0,1.0343972,0.0,0.0,0.0,2.512744,1.7614678,0.0,0.0,0.0
0.0,0.39641333,0.0,2.11708,0.51949495,0.49583533,1.5437987,1.9142987,0.0,0.0,0.0,1.3908248,1.3323133,0.8558167,0.0,0.0,0.85862404,1.6206115,0.42993012,0.6201136,0.0,1.2047879,0.8450619,0.45998025,0.0,0.5059281,0.5617248,1.6682642,0.70862705,0.23372343,0.0,0.62523735
0.0,0.39276788,0.0,3.2128038,0.12456666,0.47338387,2.0613256,2.684617,0.0,0.0,0.0,1.9439868,2.1007907,0.38868967,0.0,0.0,0.44520253,2.5995123,0.60387486,1.54689,0.0,1.5529454,0.48428267,0.8066333,0.0,0.34991756,0.42468873,2.305932,1.1493646,0.32635015,0.0,0.6858056
0.0,0.18198185,0.0,3.1961117,0.0,0.296898,1.9800837,2.6465843,0.0,0.0,0.0,1.9967736,1.9952853,0.25966662,0.0,0.0,0.33137757,2.6362336,0.48829854,1.7560303,0.0,1.6885287,0.4007321,0.8291954,0.0,0.1997627,0.378488,2.2315483,1.4530932,0.105734326,0.0,0.3899457
0.0,0.0,0.0,2.9193995,0.0,0.0,2.0731406,3.0691786,0.0,0.0,0.0,2.5751448,2.739028,0.0,0.0,0.0,0.0,2.8473263,0.0,2.1023073,0.0,2.1741226,0.0,0.8316933,0.0,0.0,0.0,2.5733,1.9104459,0.0,0.0,0.0
0.0,0.0,0.0,2.7936358,0.0,0.0,2.101336,3.1676896,0.0,0.0,0.0,2.4518867,2.5972059,0.0,0.0,0.0,0.0,2.5329785,0.0,1.6796439,0.0,1.9723516,0.0,0.8250826,0.0,0.0,0.0,2.2088137,1.7638263,0.0,0.0,0.0
0.0,0.70861965,0.0,3.3691716,0.6417579,0.75044155,2.1511698,2.574077,0.0,0.0,0.0,1.7964829,1.9976915,0.8883645,0.0,0.0,0.7031997,2.666459,0.6740707,1.391843,0.0,1.5163308,0.6164329,0.9734904,0.0,0.6487069,0.5910921,2.1015804,1.0175341,0.61531425,0.0,1.0037487
0.0,0.008787882,0.0,2.9226356,0.0,0.29264352,1.8570495,2.6886249,0.0,0.0,0.0,1.862767,1.9078509,0.4341484,0.0,0.0,0.3548241,2.36797,0.2911369,1.4029199,0.0,1.6429828,0.42268318,0.6705281,0.0,0.01243213,0.3337403,1.9062625,1.2995447,0.10919852,0.0,0.23531589
0.0,1.555353,0.0,2.4052544,0.8035378,1.5563499,1.0918026,1.1349692,0.0,0.0,0.0,0.41967165,0.22483252,1.9947344,0.0,0.0,1.7713791,1.6112359,1.6394497,0.633474,0.0,0.63280046,1.7652231,0.25471854,0.0,1.3248854,1.8678062,0.8223656,0.41677636,1.436158,0.0,1.9946743
0.0,0.7053212,0.0,1.7534344,0.6970667,0.8098448,1.2416327,1.4444361,0.0,0.0,0.0,1.0636076,0.96967214,1.0755614,0.0,0.0,1.1158799,1.3646713,0.7042833,0.49677092,0.0,0.8816397,1.1777138,0.27793896,0.0,0.8611071,0.7902474,1.3285215,0.43806535,0.38844463,0.0,0.9861728
0.0,0.5892165,0.0,3.1138074,0.22757049,0.57681173,1.7490549,2.4314337,0.0,0.0,0.0,1.7035413,1.5891062,0.75469,0.0,0.0,0.6429821,2.4226594,0.75777656,1.5193212,0.0,1.4695557,0.8426065,0.70767266,0.0,0.4869292,0.7374699,1.9288287,1.2321779,0.38315094,0.0,1.0348641
0.0,1.950551,0.0,2.4492996,1.1328307,2.03001,1.036423,0.93669385,0.0,0.0,0.0,0.02937699,0.0,2.7429569,0.0,0.0,1.9652853,1.5690173,2.1725905,0.051352393,0.0,0.052067645,2.3087947,0.035989173,0.0,1.5564071,2.306267,0.35245246,0.11681145,1.6901768,0.0,2.6255252
0.0,0.84022933,0.0,2.749727,0.71697414,1.104196,1.36774,1.6925673,0.0,0.0,0.0,1.1405011,1.3447707,1.0886874,0.0,0.0,1.1758367,2.0106,1.1712561,0.9455244,0.0,1.1124818,1.3163272,0.29097795,0.0,1.037574,0.99524903,1.4236196,0.8379666,0.9472159,0.0,1.3581574
0.0,0.07253842,0.0,2.758253,0.0,0.21477342,1.629744,2.5011427,0.0,0.0,0.0,1.8755765,1.7457514,0.22134371,0.0,0.0,0.3657775,2.4063435,0.29735768,1.4639163,0.0,1.6532382,0.5944097,0.648906,0.0,0.30570456,0.43517792,1.8888308,1.5240595,0.0,0.0,0.45891857
0.0,0.395026,0.0,2.7987573,0.048870634,0.48885462,1.8352871,2.5187643,0.0,0.0,0.0,1.8326718,1.9687158,0.42105106,0.0,0.0,0.655984,2.567708,0.37849355,1.6317555,0.0,1.5729975,0.6836227,0.6449239,0.0,0.4306018,0.26124743,2.1014018,1.3880956,0.30720925,0.0,0.8646381
0.0,0.8412684,0.0,2.7899036,0.4160332,0.76481414,2.0610478,2.2958765,0.0,0.0,0.0,1.6708899,1.4058255,1.0086236,0.0,0.0,0.91507983,2.4340568,0.49669564,1.7468014,0.0,1.4643966,0.7060915,1.0704666,0.0,0.6675402,0.5584439,1.9458871,1.0464966,0.5933299,0.0,1.0763923
0.0,0.48861423,0.0,1.825074,0.6137759,0.6159622,1.346571,1.6161605,0.0,0.0,0.0,1.2409626,1.1033403,0.9771133,0.0,0.0,0.8962733,1.5845368,0.490683,0.6014213,0.0,1.0905164,0.971423,0.35581237,0.0,0.69355106,0.63453287,1.4369694,0.60925186,0.28095463,0.0,0.79681015
0.0,0.0,0.0,2.6761937,0.0,0.0,1.8595518,2.9367492,0.0,0.0,0.0,2.119989,2.1814206,0.0,0.0,0.0,0.048834015,2.6933696,0.0,1.6484046,0.0,1.9987916,0.24186295,0.8440279,0.0,0.0,0.0,2.329407,1.6501776,0.0,0.0,0.13772762
0.0,1.8805157,0.0,2.2761576,1.4127891,2.067194,1.1061963,0.86619234,0.0,0.0,0.0,0.26463723,0.13556717,2.4289432,0.0,0.0,2.2044854,1.4513533,1.954338,0.27513015,0.0,0.31825304,2.2464285,0.062815435,0.0,1.866004,2.0023031,0.6714946,0.08572214,1.7602569,0.0,2.4651039
0.0,0.004289996,0.0,1.8995334,0.0,0.06353305,1.4747989,2.2893124,0.0,0.0,0.0,1.5927309,1.544151,0.022766698,0.0,0.0,0.24636321,1.7883265,0.03457115,0.9469421,0.0,1.0061462,0.5369133,0.4549508,0.0,0.0,0.0,1.5671419,1.0819763,0.0,0.0,0.24199235
0.0,1.5949419,0.0,2.441204,1.2113881,1.6988796,1.1832569,1.451272,0.0,0.0,0.0,0.4869703,0.08252058,2.3145452,0.0,0.0,1.8485967,1.4062032,1.9705749,0.07120408,0.0,0.47691494,2.3081965,0.084656365,0.0,1.4516073,2.131289,0.89009714,0.34108537,1.5434598,0.0,2.3661668
0.0,0.3805297,0.0,2.5409613,0.16864114,0.42992476,1.6742933,2.3127317,0.0,0.0,0.0,1.8189112,1.7187799,0.508459,0.0,0.0,0.58660764,2.142827,0.48632586,1.3972648,0.0,1.4043503,0.6197529,0.7181556,0.0,0.36175093,0.38976055,2.0812087,1.0438582,0.0,0.0,0.6259801
0.0,1.813881,0.0,2.5140934,1.4051855,1.8057699,1.1482949,0.9804837,0.0,0.0,0.0,0.16948926,0.178313,2.2206764,0.0,0.0,1.833277,1.3962859,2.0641103,0.0,0.0,0.36543894,2.2119448,0.15096982,0.0,1.5354085,2.0039477,0.936058,0.0,1.5920562,0.0,2.4375455
0.0,0.2179053,0.0,2.6591592,0.05639599,0.14603509,1.9844916,2.724625,0.0,0.0,0.0,2.1435015,1.9856862,0.23880595,0.0,0.0,0.55900806,2.1414518,0.17036295,1.6405972,0.0,1.712885,0.4588822,0.99585634,0.0,0.22292313,0.17594378,2.4034543,1.2525715,0.0,0.0,0.32718056
